image_id,encoded_pixels
year2021_comp2_474657-474658-474659-474660-474661_tile_004800_022240.png,516 2 601 4 675 3 759 7 823 1 916 11 984 1 986 1 993 1 1039 3 1073 14 1197 9 1230 18 1306 1 1356 13 1390 17 1464 3 1515 16 1549 18 1623 5 1674 17 1708 19 1782 7 1834 18 1868 18 1942 7 1993 19 2027 18 2101 8 2153 20 2187 17 2261 8 2313 21 2347 16 2421 9 2473 22 2507 14 2581 9 2633 24 2667 14 2742 8 2794 24 2827 13 2902 8 2954 25 2988 11 3063 8 3115 25 3148 10 3223 10 3275 25 3309 9 3383 15 3436 24 3469 10 3542 18 3596 24 3629 10 3702 20 3756 24 3787 12 3862 21 3917 23 3946 14 4022 21 4077 23 4104 16 4182 21 4237 23 4263 16 4342 21 4398 41 4503 20 4558 40 4663 20 4719 37 4824 19 4879 34 4985 18 5040 31 5145 17 5200 25 5306 16 5360 22 5466 16 5519 22 5625 17 5679 20 5785 18 5839 19 5945 20 5998 18 6104 22 6158 17 6264 23 6318 17 6424 24 6478 17 6584 24 6638 17 6744 24 6799 16 6904 24 6959 18 7064 24 7120 20 7225 22 7282 21 7386 20 7442 23 7550 13 7603 23 7763 23 7923 23 8082 22 8190 7 8242 20 8349 10 8402 19 8508 13 8562 16 8668 13 8722 15 8828 15 8882 12 8988 16 9043 10 9148 17 9204 7 9309 15 9365 4 9472 6 9706 2 9867 2 9879 5 10028 1 10037 8 10194 11 10351 14 10511 14 10671 13 10832 13 10992 13 11153 13 11314 14 11474 16 11634 17 11794 18 11871 3 11953 19 12030 15 12112 21 12189 19 12271 22 12348 21 12429 24 12508 22 12588 25 12668 22 12747 25 12828 22 12906 25 12989 21 13063 28 13149 20 13219 32 13311 17 13375 36 13471 16 13531 40 13632 13 13689 43 13793 11 13845 48 13953 11 14004 49 14112 13 14163 26 14193 21 14272 15 14322 25 14354 20 14432 16 14482 23 14514 20 14591 19 14641 23 14674 20 14751 20 14801 22 14834 20 14911 21 14961 21 14994 19 15071 22 15121 20 15154 19 15231 22 15282 17 15315 17 15391 22 15442 17 15475 16 15551 22 15603 17 15635 15 15711 22 15764 18 15796 14 15872 20 15925 18 15956 14 16032 18 16086 17 16116 14 16192 16 16247 16 16276 15 16353 12 16407 16 16435 17 16513 9 16568 15 16594 18 16672 10 16728 15 16754 18 16832 9 16888 14 16913 19 16993 7 17048 13 17073 19 17153 7 17208 12 17232 19 17313 6 17369 10 17392 19 17474 4 17530 7 17552 19 17635 2 17691 4 17712 19 17873 18 18033 19 18193 20 18275 7 18354 20 18434 12 18515 20 18594 15 18651 3 18675 20 18753 19 18809 6 18835 20 18913 20 18969 6 18995 21 19073 22 19128 6 19155 21 19233 22 19288 5 19315 21 19393 22 19449 3 19475 22 19553 22 19636 22 19714 21 19796 23 19874 21 19956 25 20034 21 20116 26 20194 20 20276 27 20354 20 20436 27 20513 21 20595 28 20673 22 20755 28 20833 23 20914 29 20993 24 21073 29 21153 26 21232 29 21313 26 21392 29 21474 26 21550 30 21635 26 21709 29 21795 26 21867 31 21957 23 22025 32 22120 20 22179 39 22286 14 22336 43 22450 9 22495 44 22613 5 22654 17 22673 27 22775 2 22813 14 22836 24 22973 12 22999 21 23133 12 23161 19 23293 11 23322 17 23454 9 23482 16 23615 7 23642 15 23776 5 23803 13 23963 11 24124 9 24285 6
year2021_comp2_474657-474658-474659-474660-474661_tile_004800_022320.png,417 1 575 9 732 13 764 5 890 16 920 11 1048 18 1079 13 1206 20 1238 15 1315 4 1364 21 1397 16 1473 10 1523 21 1557 17 1633 13 1682 22 1716 18 1792 17 1842 21 1876 18 1952 18 2002 20 2035 19 2111 20 2162 19 2195 18 2271 21 2322 17 2355 18 2431 22 2482 16 2515 17 2591 22 2642 16 2675 16 2752 21 2803 16 2836 14 2912 21 2964 17 2996 14 3072 19 3125 18 3156 14 3233 17 3286 17 3316 14 3393 14 3447 16 3476 15 3553 11 3607 16 3635 17 3713 9 3767 16 3794 18 3873 8 3927 16 3954 18 4032 9 4088 14 4113 19 4193 7 4248 13 4273 19 4353 7 4408 13 4432 19 4513 6 4569 10 4592 19 4674 5 4729 8 4752 19 4835 3 4891 5 4912 19 5072 19 5233 19 5316 4 5393 20 5475 8 5553 21 5634 13 5691 3 5714 21 5793 17 5849 6 5875 20 5953 19 6009 6 6035 21 6113 21 6168 7 6195 21 6273 22 6328 7 6355 21 6433 22 6487 7 6515 22 6593 22 6648 5 6675 22 6753 22 6809 2 6835 23 6913 22 6995 25 7073 22 7155 26 7233 22 7315 27 7393 22 7475 28 7553 22 7635 28 7713 22 7795 28 7873 23 7954 29 8032 25 8113 30 8192 26 8273 30 8352 27 8432 30 8513 27 8591 30 8673 28 8750 31 8834 27 8908 31 8995 26 9065 34 9156 25 9220 39 9318 23 9377 42 9485 15 9535 45 9649 11 9693 47 9812 7 9853 48 9973 5 10012 19 10032 29 10172 15 10197 24 10331 15 10359 22 10492 13 10520 21 10652 13 10681 19 10812 13 10841 18 10973 12 11002 16 11134 11 11162 15 11295 11 11322 15 11455 12 11483 14 11616 12 11643 15 11776 13 11804 15 11881 3 11936 13 11964 16 12040 9 12096 14 12124 17 12199 14 12256 14 12284 18 12358 17 12416 14 12443 19 12518 19 12577 13 12603 19 12677 22 12737 13 12763 19 12837 22 12898 13 12923 18 12997 24 13059 13 13082 19 13157 24 13220 13 13242 18 13318 23 13381 14 13402 17 13478 23 13541 14 13563 16 13639 22 13701 16 13723 16 13799 21 13860 17 13885 14 13960 20 14020 17 14049 12 14121 18 14179 18 14211 13 14281 17 14339 17 14371 14 14441 17 14498 17 14531 15 14600 17 14658 17 14691 15 14760 17 14818 17 14851 16 14920 18 14978 17 15011 15 15080 19 15138 17 15171 15 15240 19 15298 17 15331 14 15400 20 15458 17 15492 11 15560 20 15619 17 15654 7 15721 18 15779 18 15882 17 15939 19 16042 17 16099 20 16203 15 16258 21 16362 16 16417 23 16522 16 16577 25 16682 17 16736 26 16841 20 16895 28 17001 22 17055 28 17160 25 17215 28 17320 26 17375 27 17480 26 17535 26 17640 26 17695 25 17801 25 17856 24 17961 25 18016 25 18058 6 18122 23 18176 25 18216 9 18285 20 18336 26 18375 11 18459 3 18497 27 18533 13 18656 31 18688 18 18816 50 18976 50 19136 49 19296 49 19456 48 19616 47 19777 46 19937 45 20098 46 20259 46 20421 20 20446 21 20527 6 20582 18 20608 19 20686 18 20742 17 20769 18 20845 22 20903 16 20929 18 21005 23 21063 14 21089 18 21165 23 21223 15 21249 17 21325 24 21383 15 21409 16 21485 24 21544 15 21568 15 21646 23 21704 16 21729 13 21806 22 21864 17 21889 12 21968 20 22024 19 22049 9 22137 10 22184 19 22210 6 22344 19 22504 19 22664 19 22824 18 22984 17 23011 6 23143 17 23170 9 23304 14 23329 11 23464 13 23489 11 23624 11 23648 13 23785 8 23808 13 23968 13 24129 11 24290 9 24451 6
year2021_comp2_474657-474658-474659-474660-474661_tile_004800_022400.png,210 5 286 5 366 10 447 5 526 11 588 4 607 5 686 11 745 9 847 10 903 12 1008 8 1061 15 1169 5 1220 16 1255 3 1330 3 1379 17 1413 11 1489 5 1538 17 1573 13 1648 7 1698 17 1733 13 1804 12 1858 17 1892 15 1962 15 2017 18 2052 15 2122 15 2177 18 2211 16 2281 17 2338 17 2371 16 2441 18 2498 17 2532 13 2601 18 2658 18 2692 12 2762 17 2819 18 2853 9 2922 17 2979 18 3017 1 3083 15 3139 19 3244 13 3298 21 3404 13 3458 22 3563 13 3617 24 3723 14 3777 25 3882 16 3936 27 4042 19 4095 28 4201 22 4255 28 4361 24 4415 28 4521 24 4575 28 4681 25 4735 27 4841 25 4895 26 5001 25 5055 26 5101 1 5162 24 5216 25 5258 6 5323 22 5376 26 5416 9 5485 20 5536 27 5574 12 5659 3 5696 30 5732 15 5856 51 6016 51 6176 50 6335 51 6495 50 6656 49 6816 49 6976 49 7137 48 7298 48 7459 48 7620 47 7726 10 7781 22 7805 23 7885 20 7942 19 7967 21 8045 22 8102 18 8127 21 8204 24 8262 17 8287 21 8364 25 8423 16 8447 20 8524 25 8583 17 8607 19 8684 25 8743 18 8767 18 8845 24 8903 20 8926 18 9005 24 9063 40 9166 22 9223 38 9327 20 9383 37 9488 3 9501 4 9543 35 9703 24 9728 10 9863 23 9888 10 10023 22 10048 12 10127 3 10183 19 10207 14 10286 5 10343 18 10367 15 10446 5 10503 16 10527 15 10607 4 10663 15 10687 16 10767 3 10823 12 10847 16 10984 10 11007 16 11145 6 11167 16 11327 17 11488 17 11649 18 11809 20 11891 4 11970 20 12050 9 12131 20 12209 13 12292 20 12368 17 12452 20 12528 19 12612 20 12688 21 12772 19 12848 22 12931 20 13008 22 13091 19 13168 22 13251 18 13329 21 13411 16 13490 19 13571 15 13650 18 13714 9 13732 12 13810 17 13872 12 13892 11 13970 15 14030 15 14053 10 14130 15 14188 17 14213 10 14290 14 14347 18 14373 10 14449 16 14506 19 14532 11 14609 16 14665 21 14692 12 14769 17 14824 22 14851 13 14929 18 14984 23 15010 14 15089 18 15144 39 15249 18 15304 39 15410 17 15464 38 15571 16 15624 37 15731 16 15785 33 15892 14 15945 25 16053 13 16105 24 16213 12 16266 22 16372 13 16426 21 16532 14 16587 19 16691 15 16747 18 16851 16 16907 19 16939 4 17011 17 17068 18 17098 5 17171 18 17229 18 17258 6 17331 18 17389 20 17417 6 17491 18 17550 20 17577 6 17651 18 17710 21 17738 3 17811 19 17870 22 17971 18 18030 22 18131 18 18189 23 18292 17 18349 22 18452 17 18509 21 18612 18 18668 21 18771 20 18828 20 18931 20 18989 18 19091 20 19149 16 19181 2 19251 21 19309 16 19339 4 19344 2 19411 21 19470 14 19500 2 19572 20 19631 13 19732 20 19793 11 19892 19 19954 10 20053 18 20114 11 20148 5 20213 17 20274 12 20305 11 20374 15 20433 14 20462 14 20534 14 20592 15 20620 16 20695 12 20751 15 20779 17 20855 12 20911 15 20938 17 21015 12 21070 15 21097 17 21175 13 21230 15 21257 17 21335 13 21390 15 21416 16 21495 13 21550 15 21576 13 21656 12 21710 15 21736 7 21744 1 21818 9 21870 16 21896 5 22031 16 22057 4 22192 17 22217 3 22353 18 22379 1 22514 17 22674 17 22835 15 22995 14 23155 14 23315 14 23476 13 23636 12 23798 10 23960 9 24123 7 24235 2 24284 7 24395 2 24444 8 24555 2 24604 9 24716 1 24764 9 24925 9 25085 8 25248 2 25251 1 25411 1
year2021_comp2_474657-474658-474659-474660-474661_tile_004800_022480.png,218 3 376 7 459 1 536 6 615 6 697 4 775 5 915 3 936 2 1072 11 1230 14 1389 15 1416 4 1493 3 1498 1 1547 18 1575 6 1651 11 1706 19 1734 8 1810 14 1865 20 1893 10 1970 15 2024 21 2052 11 2130 16 2184 23 2211 12 2290 16 2344 39 2450 17 2504 39 2610 17 2664 39 2771 15 2824 37 2932 14 2984 36 3093 12 3145 26 3253 12 3305 25 3413 11 3465 23 3573 11 3626 21 3732 13 3786 20 3891 15 3947 19 3979 4 4051 16 4107 19 4138 6 4211 17 4268 19 4298 6 4371 18 4428 20 4457 8 4530 19 4589 20 4616 8 4690 19 4749 22 4776 8 4850 19 4909 22 4936 7 5011 19 5069 24 5096 6 5171 19 5229 25 5258 2 5331 18 5389 24 5491 18 5548 25 5651 18 5708 23 5811 19 5868 22 5971 20 6028 21 6059 7 6131 20 6188 20 6218 9 6291 21 6348 18 6378 10 6451 21 6509 16 6538 11 6611 22 6669 16 6697 12 6771 21 6830 15 6858 11 6931 21 6991 14 7018 14 7091 21 7152 14 7179 15 7252 19 7312 15 7339 18 7412 19 7472 15 7499 19 7573 17 7632 16 7659 19 7733 16 7791 17 7818 20 7893 16 7950 18 7978 20 8053 16 8110 18 8137 21 8213 16 8269 18 8296 22 8374 15 8429 18 8456 21 8534 15 8589 18 8615 21 8694 16 8749 18 8775 19 8855 15 8909 19 8934 20 9015 15 9069 21 9093 20 9177 11 9230 42 9343 1 9391 40 9551 24 9576 14 9712 23 9738 11 9873 20 9908 1 10033 20 10070 1 10072 1 10194 17 10230 1 10232 1 10234 1 10236 1 10354 17 10390 3 10396 1 10514 17 10552 3 10556 1 10674 17 10712 5 10792 3 10835 15 10938 20 10996 15 11096 23 11157 14 11255 24 11318 14 11414 26 11479 14 11574 26 11639 15 11734 27 11800 15 11895 25 11960 16 12056 24 12120 17 12217 22 12280 17 12379 20 12440 18 12542 15 12601 17 12761 16 12922 15 13083 5 14043 1 14202 4 14360 8 14519 11 14677 14 14837 14 14996 16 15156 16 15191 4 15316 16 15349 7 15477 14 15509 8 15637 14 15668 9 15798 12 15828 8 15959 10 15988 3 15992 1 16120 7 16148 3 16308 3 16468 1 16628 1
year2021_comp2_474657-474658-474659-474660-474661_tile_004800_022560.png,15368 5 15528 6 15688 6 15847 8 16007 8 16167 8 16327 8 16487 8 16647 8 16807 9 16967 9 17127 9 17287 9 17448 8 17608 8 17768 8 17929 7 18089 6 18250 5
year2021_comp2_474657-474658-474659-474660-474661_tile_004800_022640.png,2889 3 3048 5 3209 4 3368 5 3528 6 3688 6 3848 6 4008 7 4168 7 4328 7 4488 7 4648 7 4808 7 4969 6 5129 6 5291 2 18101 4 18261 5 18422 5 18582 5 18742 5 18905 1 20507 1 20667 1 23866 2 24025 3 24185 3 24345 3 24505 3 24665 4 24825 4 24985 4 25146 3 25306 3 25466 2
year2021_comp2_474657-474658-474659-474660-474661_tile_004800_022720.png,5301 4 5462 4 5622 5 5782 5 5944 2 6105 1 7867 1 10905 2 11064 4 11224 5 11384 5 11543 7 11703 7 11863 7 12023 7 12183 8 12343 8 12458 1 12503 8 12616 6 12663 8 12775 7 12823 8 12935 7 12983 8 13143 8 13304 7 13464 7 13625 6 13786 4 14537 4 14696 9 14855 12 15015 14 15175 15 15336 14 15497 13 15663 5 16450 7 16609 10 16768 12 16928 13 17088 13 17248 12 17408 12 17569 10 17729 9 17888 8 18048 7 18206 10 18366 10 18526 11 18686 11 18846 11 19007 9 19170 4 20283 4 20442 7 20602 9 20761 11 20921 13 21081 14 21241 14 21401 13 21561 11 21721 7 21880 7 22039 7 22199 7 22358 8 22518 8 22677 9 22838 8 22998 8 23158 8 23318 9 23479 8 23639 9 23799 9 23959 10 24119 11 24279 12 24440 11 24600 12 24761 11 24922 11 25083 10 25245 7 25406 6 25566 6
year2021_comp2_474657-474658-474659-474660-474661_tile_004800_022800.png,507 2 667 2 1415 5 1573 11 1733 13 1892 17 2052 19 2212 19 2372 20 2532 20 2692 20 2853 19 3012 19 3171 19 3330 11 3489 11 3648 13 3808 13 3967 15 4127 16 4287 16 4447 16 4607 15 4767 14 4927 13 5087 12 5246 12 5406 12 5566 12 5725 13 5885 13 6045 13 6206 11 6368 8 7484 2 7642 7 7802 8 7962 9 8121 11 8281 12 8441 11 8602 9 8763 5 9401 2 9559 5 9719 6 9879 6 10039 6 10199 6 10359 7 10520 6 10680 6 10840 7 11000 8 11160 9 11320 11 11479 13 11639 14 11799 15 11960 15 12120 15 12154 1 12280 15 12313 4 12441 14 12472 5 12601 13 12632 5 12760 13 12792 5 12919 12 12952 5 13078 12 13112 6 13237 13 13272 5 13396 15 13433 3 13556 15 13607 5 13715 16 13767 7 13875 16 13927 8 14035 16 14087 9 14194 16 14246 10 14354 12 14406 10 14513 6 14567 8 14673 6 14728 6 14833 6 14993 8 15152 11 15312 15 15472 16 15632 18 15792 18 15953 17 16113 17 16273 17 16433 16 16593 14 16752 14 16912 13 17071 15 17230 17 17390 18 17426 3 17550 19 17585 5 17710 19 17745 5 17870 20 17904 6 18030 20 18064 7 18190 19 18224 7 18350 19 18384 7 18509 19 18544 7 18669 17 18704 7 18828 12 18864 7 18988 12 19024 7 19147 13 19185 5 19307 13 19347 1 19467 14 19627 14 19787 14 19947 14 20108 12 20269 11 20359 4 20430 8 20519 6 20590 6 20678 7 20751 3 20838 8 20910 4 20997 9 21069 4 21157 10 21228 6 21317 10 21387 8 21477 10 21546 10 21637 10 21706 12 21797 10 21866 13 21958 9 22026 14 22118 8 22187 13 22236 2 22278 8 22347 14 22396 2 22438 8 22509 13 22556 2 22598 8 22671 11 22716 2 22759 7 22833 10 22876 2 22919 7 22998 3 23079 6 23239 6 23400 5 23561 2
year2021_comp2_474657-474658-474659-474660-474661_tile_004800_022880.png,280 6 438 9 597 12 756 14 811 1 915 16 970 4 1075 17 1129 6 1234 19 1289 6 1394 19 1448 7 1553 19 1610 5 1713 18 1771 3 1872 17 1931 3 2032 16 2191 17 2351 18 2511 19 2671 19 2831 20 2991 20 3151 20 3312 19 3472 19 3632 19 3792 18 3951 18 4111 18 4270 19 4430 19 4466 3 4589 20 4625 4 4749 20 4784 6 4909 21 4944 6 5069 21 5104 7 5229 21 5263 8 5388 22 5423 8 5548 21 5583 8 5708 21 5743 8 5868 20 5903 9 6027 19 6063 8 6187 17 6223 8 6346 16 6384 6 6506 16 6545 4 6666 16 6826 16 6986 17 7146 17 7306 16 7467 14 7559 4 7628 12 7719 6 7788 11 7878 7 7948 9 8038 8 8108 9 8197 9 8267 9 8357 10 8426 10 8517 10 8586 11 8677 10 8745 13 8837 10 8905 14 8997 10 9065 15 9158 9 9225 16 9276 2 9318 8 9385 16 9436 2 9478 8 9546 17 9596 2 9638 8 9707 17 9755 4 9798 8 9868 19 9916 3 9958 8 10030 19 10076 2 10119 7 10193 17 10237 1 10279 6 10357 13 10439 6 10522 8 10600 4 10685 4 12632 3 12791 5 12951 6 13110 8 13242 4 13270 8 13323 6 13401 7 13429 9 13482 8 13560 9 13589 9 13641 10 13719 11 13749 8 13801 10 13879 11 13909 8 13961 10 14038 13 14069 7 14120 12 14198 13 14229 7 14280 12 14357 14 14389 7 14440 13 14517 13 14549 6 14601 12 14677 12 14709 5 14761 12 14836 13 14869 5 14921 12 14996 13 15030 3 15081 12 15156 12 15241 12 15316 11 15402 11 15476 11 15562 11 15636 11 15722 11 15796 10 15883 10 15957 8 16043 9 16118 6 16204 8 16280 2 16365 6 16526 4 16947 4 17106 6 17265 8 17425 8 17585 8 17745 8 17808 3 17905 7 17967 5 18065 7 18126 7 18225 6 18286 7 18385 6 18446 7 18545 5 18606 8 18706 3 18765 9 18866 1 18925 9 19086 9 19246 9 19406 9 19566 9 19726 9 19886 9 20047 9 20207 9 20367 9 20527 8 20688 7 20848 6 21010 2 22221 4 22380 6 22540 6 22700 6 22859 7 23019 7 23179 7 23338 8 23498 7 23658 7 23818 7 23978 7 24138 7 24298 6 24457 5 24618 3 24778 3 24938 1
year2021_comp2_474657-474658-474659-474660-474661_tile_004800_022960.png,523 5 602 5 682 7 761 7 792 3 842 8 920 9 951 4 1001 10 1080 9 1111 4 1161 10 1239 11 1271 4 1321 10 1399 11 1431 4 1481 10 1558 12 1591 3 1641 11 1718 11 1750 4 1801 11 1877 12 1911 2 1961 12 2037 12 2121 12 2197 11 2281 12 2357 11 2442 11 2517 10 2602 11 2676 11 2762 11 2837 9 2922 11 2997 9 3083 9 3157 8 3243 9 3318 6 3404 8 3565 6 3726 4 4147 4 4306 6 4465 8 4625 8 4784 9 4848 3 4944 9 5007 5 5104 8 5166 7 5264 8 5326 7 5424 8 5485 9 5584 7 5645 9 5744 6 5805 9 5904 6 5965 9 6064 5 6125 10 6224 4 6285 10 6384 4 6445 10 6544 4 6605 10 6704 3 6765 11 6925 11 7086 10 7246 10 7406 10 7566 10 7727 9 7887 9 8047 8 8208 6 8369 4 9101 3 9259 7 9418 9 9578 9 9737 10 9897 10 10057 10 10217 10 10377 10 10537 10 10696 11 10856 10 11016 10 11176 10 11335 10 11495 10 11655 10 11815 10 11975 9 12136 8 12296 8 12456 7 12618 4 13243 6 13402 10 13447 3 13561 15 13609 1 13721 18 13769 1 13880 21 13929 1 14040 23 14089 1 14200 24 14360 24 14521 23 14681 23 14842 22 15002 21 15162 20 15322 17 15481 17 15641 16 15801 16 15960 18 16120 19 16280 19 16440 20 16600 21 16760 21 16921 20 17081 20 17241 20 17400 21 17559 21 17673 3 17719 20 17831 7 17878 20 17990 8 18038 21 18149 10 18197 22 18308 11 18357 23 18467 12 18517 23 18627 12 18677 23 18786 12 18838 22 18945 12 18998 21 19104 12 19159 19 19263 12 19321 16 19422 11 19582 10 19741 10 19900 11 20060 10 20219 11 20379 10 20540 8
year2021_comp2_474657-474658-474659-474660-474661_tile_004800_023040.png,604 6 763 10 809 1 923 13 969 1 1082 16 1242 18 1402 20 1562 21 1723 20 1883 20 2044 19 2204 17 2364 14 2523 12 2683 12 2842 13 3002 14 3162 15 3321 16 3481 17 3641 18 3802 18 3962 18 4122 19 4282 19 4443 17 4602 17 4761 10 4774 2 4920 16 5032 5 5079 18 5190 8 5239 18 5349 9 5398 20 5509 9 5558 21 5668 10 5718 21 5827 11 5878 22 5986 11 6038 21 6146 11 6199 20 6304 11 6360 18 6463 11 6522 14 6623 9 6782 9 6941 10 7101 9 7260 10 7420 9 7580 9 7741 6
year2021_comp2_474657-474658-474659-474660-474661_tile_004800_023120.png,
year2021_comp2_474657-474658-474659-474660-474661_tile_004880_001120.png,19943 2 20103 3 20264 1
year2021_comp2_474657-474658-474659-474660-474661_tile_004880_001200.png,
year2021_comp2_474657-474658-474659-474660-474661_tile_004880_001280.png,
year2021_comp2_474657-474658-474659-474660-474661_tile_004880_001360.png,
year2021_comp2_474657-474658-474659-474660-474661_tile_004880_001440.png,
year2021_comp2_474657-474658-474659-474660-474661_tile_004880_001520.png,10585 1 19592 3 19752 3 19913 1
year2021_comp2_474657-474658-474659-474660-474661_tile_004880_001600.png,6471 4 6630 7 6789 8 6949 8 7109 8 7269 7 7430 5 16225 3 16385 4 16545 4 16705 4 16868 1 22153 1 23283 1 23443 1
year2021_comp2_474657-474658-474659-474660-474661_tile_004880_001680.png,3586 2 3747 2 3906 3
year2021_comp2_474657-474658-474659-474660-474661_tile_004880_001760.png,
year2021_comp2_474657-474658-474659-474660-474661_tile_004880_001840.png,
year2021_comp2_474657-474658-474659-474660-474661_tile_004880_001920.png,13717 2 13876 4 14037 3 14199 1
year2021_comp2_474657-474658-474659-474660-474661_tile_004880_002000.png,
year2021_comp2_474657-474658-474659-474660-474661_tile_004880_002080.png,16758 3 16917 5 17076 6 17236 6 17396 6 17556 6 17716 6 17877 4 18038 2 18616 6 18773 10 18930 14 19087 17 19245 19 19405 19 19564 20 19724 20 19858 3 19884 19 20017 5 20044 18 20177 6 20204 17 20337 6 20365 12 20497 6 20526 7 20657 7 20817 7 20978 6 21138 6 21299 4 21459 4
year2021_comp2_474657-474658-474659-474660-474661_tile_004880_002160.png,3958 3 4117 5 4276 6 4436 6 4595 7 4755 7 4915 7 5076 5 5237 3 5656 6 5814 9 5970 14 6126 19 6285 20 6444 21 6603 22 6738 2 6763 22 6897 5 6922 23 7056 7 7082 22 7216 8 7242 21 7376 8 7402 20 7536 9 7563 16 7696 9 7723 14 7856 9 7884 9 8016 9 8045 5 8176 9 8337 8 8497 8 8658 7 8819 5 8979 4 10583 3 10742 5 10899 8 11057 11 11215 13 11373 16 11533 16 11586 5 11692 18 11743 10 11851 19 11901 12 12011 20 12058 16 12171 20 12214 21 12331 21 12372 23 12492 20 12531 24 12652 22 12690 24 12813 21 12850 24 12974 21 13010 23 13134 20 13170 23 13295 21 13330 20 13455 13 13470 6 13490 19 13616 13 13631 3 13635 2 13650 13 13776 12 13795 1 13797 1 13811 7 13937 11 14098 10 14258 9 14418 9 14579 7 14740 5 14901 4 14919 1 15044 1 15062 1 15079 3 15203 2 15239 3 15362 4 15398 4 15522 5 15556 7 15682 5 15713 11 15841 7 15870 14 16001 7 16028 16 16161 6 16186 1 16188 15 16322 4 16346 1 16348 14 16506 15 16666 13 16826 12 16987 10 17147 8 17308 6
year2021_comp2_474657-474658-474659-474660-474661_tile_004880_002240.png,
year2021_comp2_474657-474658-474659-474660-474661_tile_004880_002320.png,21076 2 21235 4 21394 5 21553 6 21712 6 21847 1 21872 6 22006 3 22031 6 22166 4 22191 5 22325 5 22351 4 22486 4 22512 2 22646 4 22806 3 22966 3 23126 3 23286 2
year2021_comp2_474657-474658-474659-474660-474661_tile_004880_002400.png,8018 1 8178 1 8337 3 8496 4 8656 4 8818 1 10954 5 11114 7 11274 7 11433 8 11593 8 11753 9 11913 9 12073 9 12177 5 12233 10 12335 9 12393 10 12495 11 12528 1 12553 10 12654 13 12687 3 12713 12 12814 15 12847 3 12873 13 12975 15 13033 19 13135 16 13193 20 13296 15 13354 20 13457 15 13514 21 13618 14 13674 21 13780 11 13835 20 13941 10 13996 4 14005 10 14103 8 14166 9 14265 4 14327 8 14488 5 17462 5 17515 3 17622 5 17675 3 17711 6 17781 6 17834 5 17870 9 17941 6 17995 3 18030 9 18101 6 18155 3 18191 8 18260 7 18352 6 18420 7 18580 8 18739 9 18899 10 19059 10 19075 3 19219 10 19233 7 19379 21 19539 22 19699 22 19859 22 20020 21 20180 20 20342 18 20505 15 20667 12 20827 12 20988 11 21148 11 21309 9 21469 9 21630 7 21790 6
year2021_comp2_474657-474658-474659-474660-474661_tile_004880_002480.png,184 4 343 6 395 7 408 3 503 7 555 6 567 5 663 7 715 6 727 6 823 8 875 6 886 8 984 6 1036 4 1046 9 1144 6 1207 8 1306 3 1367 7 1528 5 4662 4 4715 3 4822 5 4874 4 4981 6 5034 5 5073 4 5141 6 5194 5 5232 5 5301 6 5355 3 5393 4 5460 7 5620 7 5780 8 5939 9 6099 10 6259 10 6275 3 6419 12 6433 7 6579 21 6739 22 6899 22 7059 22 7219 22 7380 21 7542 18 7704 16 7866 13 8027 12 8187 12 8348 11 8508 10 8669 9 8829 8 8990 7 9152 2 13823 5 13981 12 14141 16 14300 19 14460 20 14619 22 14779 22 14940 21 15100 21 15260 21 15421 19 15582 17 15744 13 16542 6 16701 8 16860 11 17019 13 17179 13 17339 14 17499 13 17659 13 17819 12 17980 11 18141 9 18302 8 18463 7 18625 7 18785 10 18945 11 19105 12 19264 14 19425 14 19585 14 19745 14 19906 12 20068 8 20230 4 21498 2 21655 14 21815 18 21974 20 22134 21 22294 21 22454 22 22614 22 22774 21 22935 20 23095 20 23255 18 23415 18 23575 17 23735 17 23894 17 24054 17 24215 16 24375 16 24437 1 24536 14 24595 4 24697 12 24754 6 24914 6 25074 6 25234 1 25236 4 25394 6 25554 3
year2021_comp2_474657-474658-474659-474660-474661_tile_004880_002560.png,1183 7 1341 14 1501 17 1660 19 1820 21 1980 21 2140 21 2300 21 2461 20 2622 18 2783 16 2944 13 3742 5 3901 8 4059 12 4219 13 4379 14 4538 15 4698 15 4858 14 5019 13 5179 13 5340 12 5501 11 5662 11 5823 11 5983 13 6143 14 6303 15 6463 16 6623 16 6784 15 6944 15 7105 14 7266 12 7429 7 8695 10 8854 18 9013 21 9173 22 9332 23 9492 24 9652 24 9812 24 9973 23 10133 23 10293 22 10453 22 10613 21 10773 20 10933 20 11093 20 11253 20 11316 3 11412 21 11475 5 11573 20 11634 7 11733 19 11794 7 11893 19 11953 8 12054 17 12113 8 12215 16 12272 9 12378 12 12432 9 12543 6 12592 9 12752 8 12912 8 13028 2 13071 9 13184 9 13231 8 13340 15 13391 8 13497 19 13551 7 13656 21 13711 7 13815 22 13871 7 13974 23 14030 9 14134 23 14190 9 14294 23 14350 9 14454 23 14510 9 14614 23 14669 9 14775 22 14829 9 14936 21 14989 9 15097 20 15149 9 15258 20 15308 10 15419 20 15468 10 15580 19 15629 9 15740 20 15789 9 15901 19 15949 9 16061 19 16110 8 16221 19 16271 6 16381 19 16432 4 16542 17 16703 15 16865 9
year2021_comp2_474657-474658-474659-474660-474661_tile_004880_002640.png,706 3 859 13 1017 16 1176 17 1336 17 1496 17 1657 15 1817 12 1979 9 2141 5 2304 1 2465 3 2624 6 2784 8 2943 10 3103 11 3263 11 3424 9 3584 7 22831 7 22991 8 23150 10 23310 10 23470 10 23630 10 23791 9 23951 9 24112 8 24273 6 24434 5 24595 3 24756 1
year2021_comp2_474657-474658-474659-474660-474661_tile_004880_002720.png,5969 3 6126 8 6286 9 6430 2 6446 10 6589 5 6606 10 6748 8 6768 8 6908 9 6931 5 7067 10 7093 1 7227 9 7388 1 7390 6 8012 4 8170 8 8330 9 8489 10 8649 10 8808 11 8968 11 9128 11 9288 11 9448 10 9608 10 9769 8 9873 3 9929 8 10031 8 10089 8 10190 10 10250 7 10350 10 10411 5 10509 12 10669 12 10830 11 10990 11 11150 11 11222 1 11311 10 11382 1 11471 10 11542 1 11632 9 11792 9 11952 9 12112 9 12272 9 12431 10 12591 10 12751 10 12910 11 13069 12 13228 13 13387 14 13547 13 13707 13 13867 12 13965 1 14028 10 14125 1 14189 8 14287 1 18416 1 18576 1 18738 1 25388 1 25390 1 25551 1
year2021_comp2_474657-474658-474659-474660-474661_tile_004880_002800.png,11941 13 12100 17 12259 20 12418 22 12578 23 12738 23 12899 22 13059 22 13220 21 13382 18 13544 16 13709 9 13871 6 14488 6 14646 12 14805 25 14965 28 15125 29 15285 30 15445 31 15606 30 15766 30 15927 5 15933 23 16088 3 16095 2 16100 12 16260 9 16421 5 17050 8 17209 16 17369 18 17528 21 17688 22 17848 23 18008 24 18169 23 18330 22 18493 6 18500 10 18518 1 18678 1 18837 2 18997 2 19157 2 19317 3 19477 3 19600 5 19637 3 19758 12 19798 2 19917 21 19958 2 20077 24 20117 3 20237 25 20277 3 20396 28 20436 4 20556 30 20596 4 20716 31 20756 4 20876 32 20916 4 21036 32 21076 4 21197 32 21236 4 21357 30 21396 4 21518 27 21556 4 21716 4 21876 1 21878 2 22036 1 22039 1 22196 1 22199 1 22356 1 22359 1 22516 1 22519 1 22679 1 22839 1 23132 1 23291 4 23450 6 23595 2 23610 6 23754 4 23769 7 23913 6 23929 7 24073 6 24089 7 24233 6 24249 7 24393 7 24409 7 24553 5 24559 1 24569 7 24713 5 24730 5 24873 2
year2021_comp2_474657-474658-474659-474660-474661_tile_004880_002880.png,1847 9 2006 13 2025 4 2166 14 2183 8 2325 27 2485 28 2645 29 2806 28 2966 28 3127 4 3136 15 3289 1 3302 8 3462 6 3623 2 4250 6 4409 12 4423 1 4569 18 4728 21 4888 22 5048 23 5208 24 5369 23 5529 22 5694 5 5701 9 5878 1 6197 2 6358 1 6518 1 6677 3 6799 7 6838 1 6958 18 6998 2 7117 21 7158 2 7277 24 7317 3 7436 27 7477 3 7596 29 7636 4 7756 30 7796 4 7916 32 7956 4 8076 32 8116 4 8236 33 8276 4 8396 33 8436 4 8557 31 8596 4 8717 28 8756 4 8880 15 8896 1 8916 4 9076 4 9236 4 9396 4 9554 6 9714 6 9874 6 10034 6 10172 1 10192 8 10315 3 10330 5 10352 8 10474 5 10490 6 10512 6 10519 1 10633 7 10649 8 10672 6 10679 1 10793 8 10808 9 10831 2 10834 4 10839 1 10952 9 10968 9 10991 2 10994 1 10996 2 10999 1 11112 9 11127 10 11151 2 11154 1 11156 2 11159 1 11272 10 11287 10 11311 4 11316 2 11319 1 11432 10 11447 10 11471 2 11474 1 11479 1 11591 11 11607 10 11630 3 11634 4 11639 1 11751 12 11766 11 11790 3 11794 4 11799 1 11911 12 11927 10 11950 3 11954 4 11959 1 12071 12 12087 10 12110 3 12119 1 12231 12 12247 9 12270 3 12390 13 12408 8 12430 1 12550 13 12568 7 12590 1 12710 13 12728 7 12750 1 12870 13 12888 7 12910 1 13030 12 13048 7 13070 1 13191 10 13208 7 13230 1 13351 10 13368 7 13390 1 13512 8 13529 5 13673 5 13691 1 14828 1 15639 1 15788 1 15797 1 15799 1 15948 1 15950 1 15956 2 15959 1 16076 13 16108 1 16110 1 16112 1 16114 1 16116 2 16119 1 16234 17 16268 3 16272 6 16279 1 16386 3 16390 23 16428 10 16439 1 16544 31 16586 10 16597 1 16599 1 16703 33 16746 10 16759 1 16862 35 16906 1 16908 1 16910 2 16919 1 17022 35 17066 1 17068 1 17070 1 17182 36 17226 3 17230 1 17342 35 17386 3 17390 1 17502 35 17546 5 17662 34 17706 5 17822 8 17837 18 17870 1 17982 7 18000 12 18142 8 18302 8 18462 8 18621 9 18781 9 18941 9 19101 8 19260 9 19420 9 19579 9 19739 9 19899 9 20059 8 20219 8 20378 9 20538 9 20698 9 20859 7 21019 7 21180 5
year2021_comp2_474657-474658-474659-474660-474661_tile_004880_002960.png,15300 8 15458 13 15617 16 15777 20 15936 23 16096 24 16256 25 16417 24 16577 24 16738 23 16901 19 17064 15
year2021_comp2_474657-474658-474659-474660-474661_tile_004880_003040.png,2660 8 2819 12 2978 16 3138 20 3298 21 3458 22 3618 22 3779 21 3940 20 4104 15 4271 6
year2021_comp2_474657-474658-474659-474660-474661_tile_004880_003120.png,
year2021_comp2_474657-474658-474659-474660-474661_tile_004880_003200.png,
year2021_comp2_474657-474658-474659-474660-474661_tile_004880_003280.png,
year2021_comp2_474657-474658-474659-474660-474661_tile_004880_003360.png,
year2021_comp2_474657-474658-474659-474660-474661_tile_004880_003440.png,
year2021_comp2_474657-474658-474659-474660-474661_tile_004880_005440.png,19158 1 19318 2 19478 2 19637 3 19799 1 19959 1 20119 1 20279 1 20439 1
year2021_comp2_474657-474658-474659-474660-474661_tile_004880_005520.png,6679 1 6839 1
year2021_comp2_474657-474658-474659-474660-474661_tile_004880_005600.png,
year2021_comp2_474657-474658-474659-474660-474661_tile_004880_005680.png,
year2021_comp2_474657-474658-474659-474660-474661_tile_004880_005760.png,16119 1 16278 3 16383 3 16438 3 16538 9 16597 5 16697 10 16757 4 16857 10 16917 4 17017 10 17076 5 17177 9 17236 5 17337 9 17396 5 17498 7 17555 6 17659 5 17715 6 17821 1 17875 6 18035 6 18195 5 18356 3 18933 5 19090 8 19250 8 19412 5 19574 2 24990 2 25150 3 25309 4 25469 5
year2021_comp2_474657-474658-474659-474660-474661_tile_004880_005840.png,3319 1 3478 3 3638 4 3797 5 3957 5 4117 5 4276 5 4436 5 4596 5 4755 6 4915 6 5075 6 5235 6 5395 5 5555 5 12577 1 12737 2 12897 2 13979 2 14139 3 14679 1 15150 1 15309 3 15465 1 15468 2 15625 2
year2021_comp2_474657-474658-474659-474660-474661_tile_004880_005920.png,19797 1 19956 2 20115 3 20274 4 20434 4 20593 5 20754 3 20914 2 21074 1 22032 1 22192 1 22351 3 22511 3 22671 2
year2021_comp2_474657-474658-474659-474660-474661_tile_004880_006000.png,6997 1 7156 2 7316 1 7476 1 8914 1 9072 2 9232 2 9391 2
year2021_comp2_474657-474658-474659-474660-474661_tile_004880_006080.png,
year2021_comp2_474657-474658-474659-474660-474661_tile_004880_006160.png,20500 6 20657 11 20816 14 20974 17 21134 17 21293 18 21453 18 21613 17 21774 15 21935 12 22098 4
year2021_comp2_474657-474658-474659-474660-474661_tile_004880_006240.png,8019 4 8178 8 8337 10 8498 8 8660 4
year2021_comp2_474657-474658-474659-474660-474661_tile_004880_006320.png,7638 1 7797 2 7956 3 8116 3
year2021_comp2_474657-474658-474659-474660-474661_tile_004880_006400.png,
year2021_comp2_474657-474658-474659-474660-474661_tile_004880_006480.png,17647 1 17806 2 17966 2 18126 1 19636 3 19795 5 19954 7 20114 7 20273 8 20433 8 20592 9 20752 9 20912 9 21071 10 21231 10 21391 9 21550 10 21710 10 21870 9 22029 10 22189 10 22349 9 22510 8 22670 7 22831 6
year2021_comp2_474657-474658-474659-474660-474661_tile_004880_006560.png,345 5 504 6 663 8 822 9 982 9 1141 17 1301 18 1460 20 1619 21 1779 21 1939 21 2099 20 2259 20 2419 19 2580 7 2590 8 2751 6 2913 3 4368 2 4528 2 4687 2 4847 1 6996 3 7155 5 7314 6 7474 6 7633 8 7793 7 7953 7 8112 8 8272 8 8432 8 8592 8 8752 8 8911 8 9071 7 9230 8 9391 7 9551 6 9711 6 9873 2
year2021_comp2_474657-474658-474659-474660-474661_tile_004880_006640.png,24088 1
year2021_comp2_474657-474658-474659-474660-474661_tile_004880_006720.png,
year2021_comp2_474657-474658-474659-474660-474661_tile_004880_006800.png,
year2021_comp2_474657-474658-474659-474660-474661_tile_004880_006880.png,
year2021_comp2_474657-474658-474659-474660-474661_tile_004880_006960.png,
year2021_comp2_474657-474658-474659-474660-474661_tile_004880_007040.png,
year2021_comp2_474657-474658-474659-474660-474661_tile_004880_007120.png,18167 1
year2021_comp2_474657-474658-474659-474660-474661_tile_004880_007200.png,
year2021_comp2_474657-474658-474659-474660-474661_tile_004880_007280.png,
year2021_comp2_474657-474658-474659-474660-474661_tile_004880_007360.png,
year2021_comp2_474657-474658-474659-474660-474661_tile_004880_007440.png,
year2021_comp2_474657-474658-474659-474660-474661_tile_004880_007520.png,20268 2 20428 2 20587 3 20747 2
year2021_comp2_474657-474658-474659-474660-474661_tile_004880_007600.png,
year2021_comp2_474657-474658-474659-474660-474661_tile_004880_007680.png,
year2021_comp2_474657-474658-474659-474660-474661_tile_004880_007760.png,
year2021_comp2_474657-474658-474659-474660-474661_tile_004880_010640.png,
year2021_comp2_474657-474658-474659-474660-474661_tile_004880_010720.png,
year2021_comp2_474657-474658-474659-474660-474661_tile_004880_010800.png,
year2021_comp2_474657-474658-474659-474660-474661_tile_004880_010880.png,
year2021_comp2_474657-474658-474659-474660-474661_tile_004880_010960.png,
year2021_comp2_474657-474658-474659-474660-474661_tile_004880_011040.png,
year2021_comp2_474657-474658-474659-474660-474661_tile_004880_011120.png,
year2021_comp2_474657-474658-474659-474660-474661_tile_004880_011200.png,
year2021_comp2_474657-474658-474659-474660-474661_tile_004880_011280.png,
year2021_comp2_474657-474658-474659-474660-474661_tile_004880_011360.png,
year2021_comp2_474657-474658-474659-474660-474661_tile_004880_011440.png,
year2021_comp2_474657-474658-474659-474660-474661_tile_004880_011520.png,
year2021_comp2_474657-474658-474659-474660-474661_tile_004880_011600.png,
year2021_comp2_474657-474658-474659-474660-474661_tile_004880_011680.png,
year2021_comp2_474657-474658-474659-474660-474661_tile_004880_011760.png,20549 5 20708 8 20868 9 21028 10 21188 11 21348 12 21508 13 21669 14 21829 14 21990 14 22151 14 22312 14 22473 13 22635 12 22796 11 22958 9 23119 7 23282 4
year2021_comp2_474657-474658-474659-474660-474661_tile_004880_011840.png,1856 2 2017 7 2178 7 2339 6 2500 7 2661 7 2822 8 2982 10 3143 10 3304 8 3466 4 7589 6 7748 8 7907 10 8067 11 8227 12 8387 13 8547 14 8707 15 8867 16 9028 16 9189 16 9349 17 9511 16 9672 15 9833 14 9995 12 10156 11 10318 9 10479 8 10641 5 17175 3 17335 4 17494 5 17654 5 17815 4 17976 3 24595 2 24754 4 24914 1 24917 1
year2021_comp2_474657-474658-474659-474660-474661_tile_004880_011920.png,
year2021_comp2_474657-474658-474659-474660-474661_tile_004880_012000.png,
year2021_comp2_474657-474658-474659-474660-474661_tile_004880_012080.png,
year2021_comp2_474657-474658-474659-474660-474661_tile_004880_012160.png,
year2021_comp2_474657-474658-474659-474660-474661_tile_004880_012240.png,18675 1 18677 1 18835 3 18993 5 19152 7 19311 8 19471 9 19632 8 19793 7 19954 5
year2021_comp2_474657-474658-474659-474660-474661_tile_004880_012320.png,18507 2 18665 5 18825 6 18985 6 19145 6 19305 6 19466 4
year2021_comp2_474657-474658-474659-474660-474661_tile_004880_012400.png,875 2 1034 5 1193 7 1353 7 1512 8 1672 8 1833 7 1993 7 5546 4 5705 6 5864 8 6024 8 6184 8 6344 8 6504 8 6665 6 6826 4
year2021_comp2_474657-474658-474659-474660-474661_tile_004880_012480.png,
year2021_comp2_474657-474658-474659-474660-474661_tile_004880_012560.png,22349 2 22509 3 22993 1
year2021_comp2_474657-474658-474659-474660-474661_tile_004880_012640.png,9228 2 9385 6 9545 7 9705 7 9865 8 10025 8 10185 9 10336 1 10346 8 10496 1 10507 7 10671 3 10831 1 10991 1 11151 1 13039 2 13199 5 13359 6 13520 6 13679 7 13845 2 14005 1 14807 1 14967 2 15127 2 15287 2 15447 1 17966 6 18124 13 18282 15 18442 16 18601 17 18761 17 18920 18 19080 18 19241 16 19401 15 19561 15 19722 14 19886 10 20046 1 20048 8 20206 10 20366 7 20527 5 22585 1 22745 3 22907 2 23067 3 23227 3 23389 1
year2021_comp2_474657-474658-474659-474660-474661_tile_004880_012720.png,2007 1 2167 2 2327 2 2487 2 2646 2 2805 3 2965 2 3125 1 5166 9 5324 13 5482 16 5642 16 5801 17 5960 18 6120 18 6280 18 6440 17 6601 16 6761 16 6922 15 7084 12 7244 12 7405 10 7566 7 7726 6 9465 1 9622 6 9782 7 9940 10 10097 13 10256 15 10414 17 10574 16 10733 17 10893 17 11053 15 11213 12 11374 1 11376 1 11379 5 11540 2 11543 1 11700 1 11703 1 11705 1 11863 1 11865 1 12023 1 12182 3 12340 4 21878 2 22036 4 22195 5 22354 6 22513 7 22672 6 22831 7 22990 7 23149 7 23308 7 23466 9 23625 9 23785 8 23944 9 24103 9 24262 4 24421 4 24580 3 24740 3 24898 3 25058 1 25218 1 25378 2 25538 1
year2021_comp2_474657-474658-474659-474660-474661_tile_004880_012800.png,9078 1 9237 2 9396 4 9556 4 9716 1 9718 1
year2021_comp2_474657-474658-474659-474660-474661_tile_004880_012880.png,3869 2 4028 5 4186 8 4346 9 4505 11 4664 13 4824 13 4983 14 5142 15 5301 16 5460 17 5620 16 5662 1 5779 16 5822 1 5938 16 6097 16 6257 15 6416 16 6576 14 6736 13 6896 11 7057 9 7218 8 7318 2 7477 3 7570 1 7636 4 7728 1 7730 4 7796 4 7888 7 7956 4 8046 8 8116 4 8206 8 8277 1 8365 9 8524 3 8528 6 8683 9 8693 1 8842 10 9001 12 9160 13 9319 13 9478 15 9638 16 9797 16 9956 5 9963 10 10116 3 10123 9 10276 3 10284 8 10437 1 10446 8 10595 1 10607 7 10754 2 10757 1 10766 9 10914 2 10917 1 10919 1 10927 9 11077 1 11079 1 11089 7 11237 4 11250 6 11394 4 11399 1 11413 4 11555 3 11559 1 11574 3 11719 1 11721 1 11879 1 12117 3 12255 1 12257 1 12276 4 12415 1 12417 1 12436 4 12595 5 12756 4 12899 1 12916 4 13059 1 13076 4 13217 4 13236 4 13377 4 13396 3 13557 1
year2021_comp2_474657-474658-474659-474660-474661_tile_004880_012960.png,
year2021_comp2_474657-474658-474659-474660-474661_tile_004880_015360.png,
year2021_comp2_474657-474658-474659-474660-474661_tile_004880_015440.png,
year2021_comp2_474657-474658-474659-474660-474661_tile_004880_015520.png,
year2021_comp2_474657-474658-474659-474660-474661_tile_004880_015600.png,
year2021_comp2_474657-474658-474659-474660-474661_tile_004880_015680.png,
year2021_comp2_474657-474658-474659-474660-474661_tile_004880_015760.png,
year2021_comp2_474657-474658-474659-474660-474661_tile_004880_015840.png,
year2021_comp2_474657-474658-474659-474660-474661_tile_004880_015920.png,
year2021_comp2_474657-474658-474659-474660-474661_tile_004880_016000.png,
year2021_comp2_474657-474658-474659-474660-474661_tile_004880_016080.png,
year2021_comp2_474657-474658-474659-474660-474661_tile_004880_016160.png,
year2021_comp2_474657-474658-474659-474660-474661_tile_004880_016320.png,
year2021_comp2_474657-474658-474659-474660-474661_tile_004880_016400.png,
year2021_comp2_474657-474658-474659-474660-474661_tile_004880_016480.png,
year2021_comp2_474657-474658-474659-474660-474661_tile_004880_016560.png,
year2021_comp2_474657-474658-474659-474660-474661_tile_004880_016640.png,
year2021_comp2_474657-474658-474659-474660-474661_tile_004880_016720.png,
year2021_comp2_474657-474658-474659-474660-474661_tile_004880_016800.png,
year2021_comp2_474657-474658-474659-474660-474661_tile_004880_016880.png,
year2021_comp2_474657-474658-474659-474660-474661_tile_004880_016960.png,9287 1 9447 1
year2021_comp2_474657-474658-474659-474660-474661_tile_004880_017040.png,2145 1 2305 1
year2021_comp2_474657-474658-474659-474660-474661_tile_004880_017120.png,12758 3 12917 4 13077 4 13238 3 13399 2 21859 1
year2021_comp2_474657-474658-474659-474660-474661_tile_004880_017200.png,13238 1 13398 1 13557 2 22145 1 22305 3 22465 3 22626 4 22786 4 22947 5 23107 6 23268 6 23428 6 23589 6 23750 5 23912 3 24073 2
year2021_comp2_474657-474658-474659-474660-474661_tile_004880_017280.png,13689 1 13849 5 14009 6 14169 7 14329 8 14490 7 14651 8 14812 7 14973 7 15135 6 15295 7 15456 6 15617 7 15778 7 15939 7 16099 8 16260 8 16421 8 16581 9 16742 9 16902 10 17063 10 17224 9 17384 9 17545 8 17706 7 17868 4
year2021_comp2_474657-474658-474659-474660-474661_tile_004880_017360.png,891 1 1050 4 1210 5 1370 6 1531 6 1691 7 1852 7 2012 7 2173 7 2334 7 2495 6 2656 6 2817 6 2978 5 3139 5 3300 5 3461 5 3622 5 3783 6 3944 6 4104 7 4265 6 4426 5 4587 4
year2021_comp2_474657-474658-474659-474660-474661_tile_004880_017440.png,
year2021_comp2_474657-474658-474659-474660-474661_tile_004880_017520.png,
year2021_comp2_474657-474658-474659-474660-474661_tile_004880_017600.png,
year2021_comp2_474657-474658-474659-474660-474661_tile_004880_017680.png,
year2021_comp2_474657-474658-474659-474660-474661_tile_004880_017760.png,19062 2 19222 3 19382 3 19543 1 22443 4 22603 5 22762 6 22922 6 23082 6 23242 6 23401 7 23561 7 23721 7 23881 7 24040 8 24200 8 24360 8 24520 8 24680 7 24841 5
year2021_comp2_474657-474658-474659-474660-474661_tile_004880_020240.png,
year2021_comp2_474657-474658-474659-474660-474661_tile_004880_020320.png,
year2021_comp2_474657-474658-474659-474660-474661_tile_004880_020400.png,
year2021_comp2_474657-474658-474659-474660-474661_tile_004880_020480.png,25558 1
year2021_comp2_474657-474658-474659-474660-474661_tile_004880_020560.png,
year2021_comp2_474657-474658-474659-474660-474661_tile_004880_020640.png,14991 4 15151 5 15310 7 15471 6 15631 6 15791 6 15951 5 16111 5 16271 5 16431 5 16592 4 16752 4 16913 3 17073 3 17233 4 17394 2
year2021_comp2_474657-474658-474659-474660-474661_tile_004880_020720.png,1711 5 1861 4 1868 9 2019 19 2178 21 2338 21 2497 22 2646 3 2656 23 2805 6 2815 24 2941 3 2964 8 2974 25 3100 5 3123 36 3260 5 3283 36 3408 2 3419 7 3443 36 3569 2 3579 8 3593 4 3603 36 3729 3 3739 8 3752 7 3763 9 3774 25 3889 3 3899 8 3911 10 3923 8 3935 25 4049 4 4059 8 4070 12 4084 6 4096 24 4209 4 4219 8 4230 19 4256 24 4369 4 4379 8 4390 13 4417 23 4529 4 4540 7 4550 13 4577 23 4689 2 4701 3 4710 12 4738 22 4849 2 4870 11 4899 20 5008 1 5031 10 5061 5 5069 10 5192 8 5231 6 5353 6 5515 3 11300 13 11458 17 11617 20 11777 20 11924 2 11936 22 12071 18 12095 23 12230 21 12254 24 12389 23 12414 24 12523 2 12548 49 12681 6 12707 26 12735 21 12840 8 12867 25 12896 19 12968 8 13000 9 13027 24 13058 15 13127 10 13159 10 13187 24 13221 9 13286 11 13319 10 13347 22 13446 11 13479 10 13508 20 13608 8 13639 10 13668 16 13769 5 13800 8 13829 11 13961 5 13993 2 20277 2 20436 4 20596 4 20756 5 20914 6 21073 7 21199 4 21232 1 21234 6 21350 15 21392 1 21394 6 21509 16 21552 1 21554 4 21559 1 21668 17 21714 3 21719 1 21828 17 21876 1 21879 1 21988 16 22149 14 22310 3
year2021_comp2_474657-474658-474659-474660-474661_tile_004880_020800.png,170 2 328 6 362 5 487 7 522 5 647 6 682 4 809 4 843 1 7478 2 7639 1 7798 2 8119 1 8279 1 8436 1 8558 6 8596 1 8599 1 8711 13 8756 1 8870 14 9030 14 9190 13 9357 4 17398 2 17557 3 17717 3 17877 3 18037 3 18197 3 18357 2 18518 1 19317 2 19477 2 19638 1
year2021_comp2_474657-474658-474659-474660-474661_tile_004880_020880.png,4598 1 4759 1 4917 3 5077 3 5238 2
year2021_comp2_474657-474658-474659-474660-474661_tile_004880_020960.png,
year2021_comp2_474657-474658-474659-474660-474661_tile_004880_021040.png,
year2021_comp2_474657-474658-474659-474660-474661_tile_004880_021120.png,
year2021_comp2_474657-474658-474659-474660-474661_tile_004880_021200.png,
year2021_comp2_474657-474658-474659-474660-474661_tile_004880_021280.png,
year2021_comp2_474657-474658-474659-474660-474661_tile_004880_021360.png,19095 1 19255 1 19479 1 19639 1 19735 1 19796 1 19799 1 19895 2 19959 1 20055 4 20213 7 20373 8 20532 9 20691 10 20851 10 21011 10 21171 10 21194 3 21331 9 21352 7 21491 8 21511 9 21652 6 21671 10 21814 3 21830 11 21990 11 22150 11 22310 11 22470 10 22631 8 22792 6
year2021_comp2_474657-474658-474659-474660-474661_tile_004880_021440.png,
year2021_comp2_474657-474658-474659-474660-474661_tile_004880_021520.png,
year2021_comp2_474657-474658-474659-474660-474661_tile_004880_021600.png,
year2021_comp2_474657-474658-474659-474660-474661_tile_004880_021680.png,
year2021_comp2_474657-474658-474659-474660-474661_tile_004880_021760.png,
year2021_comp2_474657-474658-474659-474660-474661_tile_004880_021840.png,13712 2 13871 4 14031 5 14191 5 14351 5 14511 5 14672 4 14832 3 14993 2 17076 1 17235 3 17394 4 17554 4 17715 3
year2021_comp2_474657-474658-474659-474660-474661_tile_004880_021920.png,
year2021_comp2_474657-474658-474659-474660-474661_tile_004880_022000.png,
year2021_comp2_474657-474658-474659-474660-474661_tile_004880_022080.png,17687 1 17689 1 17719 1 17847 3 18007 3 18167 3 18199 1 18679 1 18733 4 18892 5 19052 5 19211 6 19370 6 19530 6 19592 3 19690 4 19750 6 19767 4 19850 4 19877 3 19910 8 19924 8 20035 7 20070 9 20084 9 20192 11 20230 10 20243 11 20351 13 20390 10 20403 11 20508 16 20550 11 20563 11 20668 15 20711 22 20825 18 20874 3 20880 13 20910 1 20912 1 20914 2 20984 18 21042 10 21070 3 21074 2 21079 1 21141 20 21203 8 21230 3 21234 2 21239 1 21300 19 21363 7 21390 1 21392 1 21394 3 21399 1 21460 17 21521 10 21618 1 21620 16 21679 12 21778 1 21780 1 21782 13 21838 14 21940 14 21997 16 22099 15 22157 16 22260 14 22317 16 22423 12 22477 16 22586 10 22637 16 22746 13 22797 16 22905 15 22958 15 23064 17 23118 14 23224 16 23279 12 23383 16 23439 12 23543 15 23600 12 23703 14 23760 13 23863 13 23920 14 24024 11 24080 15 24186 5 24240 16 24401 15 24565 10 24727 5
year2021_comp2_474657-474658-474659-474660-474661_tile_004880_022160.png,558 8 716 12 875 13 1036 10 1194 12 1354 11 1515 8 1677 5 2160 5 2320 7 2479 10 2639 11 2799 12 2960 11 3120 10 3280 10 3440 9 3600 7 3757 6 3915 8 4074 11 4233 15 4392 17 4552 18 4712 19 4872 20 5032 21 5192 21 5352 20 5513 18 5611 6 5674 17 5769 9 5835 16 5927 11 5998 1 6002 7 6086 12 6165 3 6245 13 6405 13 6565 13 6632 5 6647 1 6725 12 6790 12 6804 6 6884 12 6916 6 6950 22 7044 11 7074 10 7109 24 7206 6 7232 13 7269 25 7389 16 7429 26 7548 17 7589 26 7704 21 7749 26 7861 24 7910 24 7954 2 8019 26 8071 23 8110 7 8119 1 8177 27 8237 16 8268 10 8279 1 8337 26 8399 14 8428 10 8439 1 8496 25 8559 13 8588 1 8590 8 8599 1 8656 25 8718 14 8748 1 8750 1 8752 6 8759 1 8816 23 8878 15 8908 1 8910 1 8913 5 8919 1 8976 23 9037 16 9074 4 9079 1 9136 22 9197 16 9234 3 9239 1 9297 21 9356 18 9399 1 9457 22 9516 18 9559 1 9605 1 9618 22 9676 18 9762 6 9780 21 9836 18 9922 6 9941 21 9996 18 10082 5 10101 21 10156 18 10244 1 10262 20 10317 16 10422 20 10477 16 10582 19 10637 17 10742 19 10797 17 10902 18 10957 18 11062 17 11117 20 11222 15 11277 21 11383 13 11437 21 11544 11 11597 22 11639 1 11704 8 11757 22 11798 2 11864 7 11918 21 11958 2 12024 6 12079 19 12118 2 12183 7 12239 18 12278 2 12342 8 12401 15 12438 1 12501 9 12561 13 12598 1 12660 11 12722 11 12819 12 12882 11 12979 12 13042 13 13139 12 13201 15 13298 14 13321 6 13361 16 13459 14 13477 11 13521 17 13619 30 13681 18 13780 29 13841 19 13943 26 14001 20 14105 24 14161 20 14266 23 14321 19 14426 22 14482 18 14586 21 14642 17 14746 20 14803 16 14906 19 14963 15 15049 2 15066 17 15123 15 15207 7 15226 16 15282 16 15366 10 15387 14 15442 17 15525 13 15547 13 15601 19 15684 15 15707 13 15761 19 15842 17 15868 11 15921 20 16001 19 16029 10 16081 20 16161 19 16189 10 16242 19 16321 18 16348 11 16403 18 16481 18 16508 12 16564 7 16641 17 16666 14 16726 4 16801 16 16825 15 16885 3 16961 16 16984 15 17044 6 17124 10 17143 16 17203 8 17302 16 17363 12 17454 5 17460 16 17522 16 17613 20 17682 17 17771 12 17784 6 17842 19 17929 12 18001 20 18087 13 18161 22 18245 14 18321 22 18404 12 18482 22 18562 12 18642 22 18721 12 18805 18 18881 12 18970 13 19041 11 19136 5 19202 9 19367 1 20010 8 20169 12 20328 15 20487 16 20646 16 20805 16 20964 14 21124 13 21284 11 21367 7 21444 10 21526 11 21605 7 21685 14 21766 5 21844 17 22004 19 22164 20 22324 20 22485 19 22646 17 22760 2 22807 15 22919 4 22969 11 23079 4 23130 10 23239 3 23290 9 23450 10 23609 11 23769 12 23928 14 24088 14 24248 15 24408 15 24524 4 24568 15 24682 7 24729 12 24842 8 24890 10 25004 6 25055 4 25164 6 25322 1 25324 6 25483 7
year2021_comp2_474657-474658-474659-474660-474661_tile_004880_022240.png,249 3 404 10 522 2 563 13 680 6 723 15 837 10 883 16 994 13 1043 17 1152 15 1203 17 1311 16 1363 17 1470 17 1524 16 1629 18 1685 14 1788 18 1847 11 1948 17 2010 8 2108 15 2170 7 2267 15 2326 11 2428 13 2483 14 2568 6 2588 12 2643 15 2726 11 2748 11 2802 17 2885 13 2909 9 2962 18 3043 16 3070 7 3122 19 3202 17 3231 6 3282 19 3361 18 3391 6 3443 18 3521 18 3551 7 3603 18 3681 17 3710 8 3764 8 3778 1 3841 16 3868 11 3925 5 4001 15 4026 13 4085 4 4161 14 4185 14 4244 6 4324 7 4344 14 4403 9 4503 14 4563 14 4663 11 4722 17 4814 4 4823 9 4882 18 4973 7 4986 3 5041 20 5129 11 5201 21 5287 12 5361 22 5445 14 5521 23 5604 12 5682 22 5762 12 5842 22 5921 12 6004 20 6081 12 6168 15 6241 11 6335 7 6402 9 6566 3 7210 10 7369 14 7528 17 7687 18 7845 19 8005 17 8164 16 8324 14 8409 3 8483 13 8566 10 8644 11 8725 13 8804 9 8884 17 8966 5 9043 20 9203 22 9363 22 9523 23 9683 22 9800 3 9844 21 9958 6 10005 20 10116 9 10166 18 10273 12 10327 16 10432 12 10487 16 10592 12 10647 16 10753 11 10807 17 10913 11 10967 18 11074 12 11126 21 11234 14 11286 22 11395 15 11446 23 11555 16 11606 24 11715 17 11766 25 11874 19 11926 25 12033 20 12086 24 12192 21 12246 24 12350 23 12407 23 12509 24 12567 22 12668 24 12727 22 12826 26 12887 22 12984 27 13047 22 13142 29 13207 22 13297 34 13367 22 13453 39 13527 23 13611 41 13687 23 13769 44 13847 24 13927 46 14007 24 14086 22 14114 20 14167 24 14245 21 14274 20 14327 23 14405 20 14434 21 14487 23 14564 20 14595 20 14648 21 14724 19 14754 20 14809 20 14884 17 14914 20 14970 19 15044 16 15075 18 15130 19 15204 14 15235 18 15290 19 15364 14 15395 17 15450 20 15525 13 15555 16 15610 21 15686 15 15716 15 15770 21 15849 14 15876 15 15930 21 16009 14 16036 15 16090 21 16169 14 16196 15 16250 21 16329 14 16355 17 16411 20 16489 14 16514 18 16571 19 16649 13 16674 19 16731 19 16809 13 16833 20 16892 16 16969 12 16993 20 17052 15 17130 10 17152 20 17212 14 17290 9 17312 20 17372 14 17472 19 17532 13 17632 19 17692 14 17793 19 17852 14 17953 19 18011 16 18113 20 18172 15 18274 20 18332 15 18435 20 18492 14 18595 20 18652 14 18755 21 18813 12 18915 21 18973 12 19075 22 19133 12 19236 21 19293 13 19396 21 19453 14 19556 23 19613 17 19716 24 19772 19 19876 25 19932 20 20036 27 20092 21 20196 27 20252 21 20356 28 20412 22 20515 29 20573 21 20675 29 20733 20 20834 29 20894 19 20993 30 21055 17 21152 30 21217 13 21312 29 21379 5 21471 30 21630 30 21788 31 21946 33 22101 38 22179 2 22258 42 22338 3 22416 44 22498 3 22575 14 22593 28 22734 12 22756 25 22894 11 22919 22 23054 10 23081 20 23214 9 23241 19 23375 8 23402 17 23536 6 23562 16 23699 1 23722 15 23883 12 24043 11 24205 7 24259 3 24367 2 24418 5 24578 5 24739 4
year2021_comp2_474657-474658-474659-474660-474661_tile_004880_022320.png,249 10 338 1 409 14 496 8 568 19 654 11 683 6 728 20 813 13 840 11 887 23 971 15 999 13 1047 23 1129 17 1158 15 1207 23 1288 17 1317 17 1367 23 1447 17 1477 17 1528 22 1607 16 1636 18 1688 21 1766 17 1796 18 1849 20 1925 17 1955 19 2010 19 2085 15 2115 19 2170 19 2245 13 2275 18 2331 18 2405 11 2435 17 2491 18 2565 12 2595 17 2651 19 2725 12 2756 15 2810 21 2886 14 2916 15 2970 21 3049 13 3076 15 3130 21 3209 14 3236 15 3290 22 3369 14 3396 15 3450 21 3529 14 3555 17 3611 20 3689 14 3714 18 3771 19 3849 14 3874 19 3931 19 4009 13 4033 20 4092 17 4169 12 4192 21 4252 16 4329 11 4352 20 4412 15 4490 9 4512 20 4572 14 4653 3 4672 20 4732 14 4832 20 4891 15 4992 20 5051 16 5153 20 5211 16 5313 20 5371 17 5473 21 5531 16 5634 21 5691 16 5795 21 5852 15 5955 21 6012 15 6091 3 6115 21 6172 15 6250 3 6275 22 6333 14 6435 22 6492 15 6595 23 6652 17 6755 24 6812 19 6915 26 6972 20 7075 27 7131 22 7235 28 7291 22 7395 28 7451 23 7555 29 7612 22 7715 30 7772 22 7874 30 7933 21 8033 31 8093 20 8193 30 8254 19 8352 31 8415 17 8511 31 8576 13 8669 32 8736 11 8828 33 8897 7 8985 36 9057 6 9141 39 9216 7 9298 43 9376 7 9456 45 9536 7 9614 47 9696 7 9773 49 9856 7 9933 49 10016 7 10093 14 10116 26 10177 5 10252 15 10278 24 10337 4 10413 13 10440 21 10498 3 10573 12 10600 21 10658 3 10733 12 10761 19 10817 5 10894 11 10921 19 10976 7 11055 10 11082 17 11135 10 11216 10 11242 17 11295 12 11376 11 11402 17 11454 17 11537 11 11563 17 11614 20 11697 12 11723 18 11773 22 11857 13 11883 19 11933 23 12017 13 12043 19 12094 22 12177 13 12203 20 12254 22 12337 13 12363 20 12415 21 12497 14 12523 20 12576 19 12657 14 12683 20 12737 18 12818 13 12842 21 12898 16 12979 13 13002 21 13058 16 13140 13 13162 21 13218 17 13301 14 13322 22 13378 17 13461 15 13482 22 13538 18 13621 16 13643 22 13697 20 13780 17 13804 22 13857 21 13940 17 13967 20 14017 22 14099 18 14129 19 14177 22 14259 17 14290 19 14337 22 14418 17 14450 19 14498 21 14578 17 14610 19 14658 21 14738 17 14770 19 14819 20 14898 17 14930 19 14981 17 15058 17 15090 19 15143 14 15218 17 15250 17 15308 6 15378 18 15411 15 15539 18 15572 11 15699 19 15733 8 15859 20 16019 20 16178 22 16338 23 16497 26 16656 27 16816 28 16976 28 17135 28 17223 7 17295 28 17381 11 17456 26 17540 15 17616 25 17700 17 17776 25 17819 5 17860 19 17936 25 17977 8 18020 19 18097 25 18136 11 18180 19 18257 26 18294 13 18340 19 18417 29 18452 15 18501 17 18577 50 18662 15 18737 50 18823 9 18897 50 18984 7 19056 51 19144 7 19216 50 19303 8 19376 49 19463 10 19537 48 19622 12 19697 48 19782 14 19858 47 19942 15 20019 47 20101 18 20180 47 20261 19 20341 22 20364 24 20422 18 20502 19 20526 22 20582 19 20662 18 20688 21 20743 18 20823 16 20848 20 20904 16 20983 16 21008 20 21067 13 21143 15 21168 19 21228 11 21303 16 21328 18 21389 9 21464 15 21488 17 21548 10 21624 17 21648 15 21707 11 21784 18 21808 14 21866 13 21944 19 21968 12 22025 14 22104 20 22129 9 22185 15 22264 20 22291 4 22345 15 22424 20 22504 16 22584 19 22665 15 22744 19 22772 4 22825 15 22904 17 22930 8 22986 14 23063 17 23089 11 23147 13 23224 15 23248 13 23308 11 23384 13 23408 13 23469 10 23544 11 23568 13 23630 8 23705 8 23728 13 23790 8 23888 13 23951 7 24049 12 24111 7 24209 11 24270 8 24371 8 24431 7 24591 7 24752 6 24860 4 24913 4 25021 4 25181 4 25340 5 25501 3
year2021_comp2_474657-474658-474659-474660-474661_tile_004880_022400.png,206 5 261 6 367 5 420 10 509 3 527 5 579 14 665 9 738 16 823 12 898 19 981 15 1058 20 1140 16 1174 10 1217 22 1300 16 1333 13 1377 22 1459 16 1493 14 1538 21 1618 17 1652 16 1698 21 1778 17 1812 17 1859 20 1938 17 1972 17 2019 20 2098 17 2131 18 2181 17 2258 17 2291 17 2343 14 2418 17 2451 16 2507 7 2578 18 2612 13 2739 18 2773 10 2899 18 2935 5 3059 20 3219 20 3378 22 3538 23 3697 25 3856 27 4016 27 4176 28 4335 28 4423 7 4495 28 4581 11 4655 27 4740 15 4816 25 4900 17 4976 25 5019 5 5059 20 5136 25 5177 8 5219 20 5297 26 5335 12 5379 21 5457 27 5494 13 5540 19 5617 29 5651 16 5701 18 5777 50 5861 17 5936 51 6022 14 6096 51 6183 10 6256 51 6343 10 6416 51 6502 11 6576 50 6662 12 6736 50 6822 13 6897 49 6981 16 7057 49 7141 17 7218 49 7301 19 7379 49 7461 19 7540 49 7621 20 7701 22 7724 25 7781 20 7862 19 7886 23 7942 19 8022 18 8047 22 8103 18 8182 17 8207 22 8264 17 8343 16 8367 22 8425 16 8503 17 8527 21 8585 15 8663 18 8687 20 8745 14 8823 20 8846 19 8905 14 8983 42 9065 15 9144 39 9224 16 9304 38 9384 16 9463 37 9543 18 9623 37 9703 18 9783 37 9863 18 9943 38 10024 17 10103 20 10127 16 10184 17 10263 18 10286 17 10345 16 10423 16 10446 18 10506 15 10583 15 10606 18 10667 13 10744 11 10766 18 10827 13 10904 10 10927 17 10988 12 11066 5 11087 18 11148 12 11247 19 11308 12 11408 21 11468 13 11568 22 11628 13 11729 22 11788 13 11890 22 11948 13 12051 22 12108 13 12211 22 12268 12 12371 22 12428 12 12531 22 12588 12 12691 22 12748 11 12851 22 12908 11 13011 21 13068 11 13171 20 13227 13 13331 18 13387 14 13491 18 13547 14 13634 9 13651 16 13707 14 13792 13 13812 13 13867 14 13950 15 13972 13 14027 14 14108 18 14132 12 14188 13 14267 19 14292 12 14348 12 14426 20 14452 12 14509 10 14585 21 14611 14 14670 7 14744 23 14770 15 14830 6 14904 41 14990 5 15064 40 15149 7 15224 40 15309 8 15384 39 15468 9 15544 38 15628 10 15705 36 15788 10 15865 26 15948 10 16025 25 16108 10 16186 22 16268 10 16346 22 16429 8 16507 19 16589 7 16667 19 16699 4 16751 5 16827 19 16858 6 16913 1 16988 19 17018 6 17073 2 17149 19 17177 7 17232 4 17309 20 17337 7 17392 6 17469 21 17496 7 17551 8 17630 21 17656 7 17711 9 17790 23 17817 4 17871 9 17949 24 18031 10 18109 24 18191 10 18269 23 18351 10 18429 22 18511 9 18588 22 18672 7 18748 20 18779 7 18834 2 18909 18 18938 9 19069 17 19098 11 19229 16 19257 12 19390 15 19417 18 19551 14 19578 19 19713 12 19738 21 19874 12 19898 23 20034 12 20059 23 20194 13 20219 24 20353 14 20379 24 20512 15 20538 25 20671 16 20698 24 20831 16 20857 25 20990 16 21016 25 21150 16 21176 25 21310 15 21335 24 21470 16 21495 24 21630 16 21655 23 21790 17 21814 24 21951 20 21974 25 22035 1 22112 47 22194 4 22273 20 22297 23 22354 5 22434 19 22458 22 22514 6 22594 18 22627 14 22675 5 22754 18 22788 13 22836 3 22915 16 22949 11 23075 15 23109 11 23235 14 23270 9 23396 13 23431 8 23556 13 23592 5 23717 12 23879 11 24041 9 24203 9 24363 9 24524 9 24684 10 24844 10 25005 9 25166 8 25328 5 25490 1
year2021_comp2_474657-474658-474659-474660-474661_tile_004880_022480.png,270 7 375 7 428 10 535 6 588 11 695 5 748 12 856 3 907 13 992 10 1016 4 1067 14 1150 14 1176 4 1228 13 1309 15 1336 5 1388 12 1467 18 1495 7 1548 12 1626 19 1654 9 1709 10 1785 20 1813 11 1869 9 1945 20 1972 12 2029 8 2104 23 2131 13 2189 8 2264 40 2349 8 2424 39 2508 10 2584 39 2668 10 2744 38 2827 12 2905 36 2987 12 3065 26 3147 12 3225 25 3307 12 3385 23 3467 11 3546 22 3628 10 3706 21 3740 3 3789 8 3867 19 3899 5 3949 8 4027 19 4058 7 4110 7 4188 19 4217 8 4271 6 4348 20 4377 8 4431 7 4509 20 4536 9 4591 8 4669 22 4696 8 4751 9 4829 23 4855 9 4910 10 4989 34 5070 11 5149 33 5230 11 5309 26 5390 11 5468 25 5550 11 5628 24 5661 2 5710 11 5788 23 5818 8 5871 9 5948 21 5977 17 6031 7 6108 20 6137 18 6192 5 6268 19 6297 19 6354 1 6429 17 6457 20 6589 17 6617 21 6750 16 6777 23 6911 15 6937 25 7072 15 7097 26 7154 2 7232 15 7258 26 7313 3 7392 16 7418 27 7473 3 7552 17 7578 27 7633 2 7711 18 7737 28 7794 1 7870 19 7897 27 8030 18 8056 27 8189 19 8215 28 8349 18 8375 27 8509 19 8534 27 8669 19 8693 28 8829 51 8913 3 8989 51 9072 5 9150 50 9232 7 9310 50 9391 9 9471 50 9551 10 9632 49 9712 9 9793 22 9819 22 9872 9 9953 21 9986 15 10033 8 10114 19 10147 14 10194 7 10274 17 10308 13 10355 6 10434 17 10469 12 10517 3 10594 17 10630 10 10755 16 10790 9 10916 15 10952 5 11077 15 11158 3 11238 15 11318 3 11399 15 11477 5 11559 16 11637 5 11720 15 11797 5 11880 16 11957 5 12040 17 12087 4 12118 3 12200 18 12246 6 12360 18 12405 8 12521 17 12564 9 12681 17 12724 10 12841 16 12883 11 13002 12 13043 11 13164 2 13203 11 13363 11 13523 12 13683 12 13844 11 13963 2 14004 11 14122 5 14164 11 14280 9 14324 11 14439 11 14484 11 14598 13 14632 4 14644 11 14757 15 14790 8 14804 11 14916 17 14949 10 14964 11 15076 16 15108 12 15124 11 15236 16 15267 14 15285 10 15397 15 15427 13 15445 10 15558 13 15586 15 15606 8 15718 13 15746 15 15768 5 15879 10 15906 14 16040 8 16066 14 16227 13 16387 13 16547 14 16707 14 16868 12 17029 3 17037 3
year2021_comp2_474657-474658-474659-474660-474661_tile_004880_022560.png,248 2 407 5 567 5 726 7 886 7 1046 7 1206 7 1367 6 1527 6 1644 3 1687 7 1803 6 1848 6 1962 7 2008 6 2121 9 2151 4 2168 6 2281 9 2310 6 2328 6 2440 10 2469 8 2488 6 2600 10 2629 8 2648 5 2760 9 2788 9 2810 2 2920 8 2948 9 3083 3 3108 9 3268 9 3428 9 3588 1 3590 7 3748 8 3908 1 3910 4 4070 2
year2021_comp2_474657-474658-474659-474660-474661_tile_004960_000320.png,
year2021_comp2_474657-474658-474659-474660-474661_tile_004960_000400.png,
year2021_comp2_474657-474658-474659-474660-474661_tile_004960_000480.png,
year2021_comp2_474657-474658-474659-474660-474661_tile_004960_000560.png,
year2021_comp2_474657-474658-474659-474660-474661_tile_004960_000640.png,
year2021_comp2_474657-474658-474659-474660-474661_tile_004960_000720.png,
year2021_comp2_474657-474658-474659-474660-474661_tile_004960_000800.png,17457 5 17616 8 17775 10 17935 11 18095 12 18256 11 18416 12 18576 13 18736 13 18897 12 19057 11 19218 1 19221 7 19381 5 19541 4 22255 3 22272 5 22414 5 22431 8 22574 5 22590 9 22734 5 22750 9 22895 3 22910 10 23069 10 23229 11 23389 10 23550 9 23710 9 23871 6
year2021_comp2_474657-474658-474659-474660-474661_tile_004960_000880.png,4658 4 4817 5 4977 7 5137 8 5298 8 5459 8 5620 8 5780 8 5942 6 6103 5 6265 2 9455 2 9614 4 9632 4 9774 4 9791 7 9935 3 9950 8 10110 9 10270 9 10430 9 10590 8 10750 6 10757 1 10911 2
year2021_comp2_474657-474658-474659-474660-474661_tile_004960_000960.png,2095 6 2254 9 2414 9 2574 9 2734 9 2894 9 3055 7 3216 5
year2021_comp2_474657-474658-474659-474660-474661_tile_004960_001040.png,
year2021_comp2_474657-474658-474659-474660-474661_tile_004960_001120.png,
year2021_comp2_474657-474658-474659-474660-474661_tile_004960_001200.png,
year2021_comp2_474657-474658-474659-474660-474661_tile_004960_001280.png,
year2021_comp2_474657-474658-474659-474660-474661_tile_004960_001360.png,
year2021_comp2_474657-474658-474659-474660-474661_tile_004960_001440.png,
year2021_comp2_474657-474658-474659-474660-474661_tile_004960_001520.png,
year2021_comp2_474657-474658-474659-474660-474661_tile_004960_001600.png,
year2021_comp2_474657-474658-474659-474660-474661_tile_004960_001680.png,21453 1
year2021_comp2_474657-474658-474659-474660-474661_tile_004960_001760.png,
year2021_comp2_474657-474658-474659-474660-474661_tile_004960_001840.png,
year2021_comp2_474657-474658-474659-474660-474661_tile_004960_001920.png,
year2021_comp2_474657-474658-474659-474660-474661_tile_004960_002000.png,
year2021_comp2_474657-474658-474659-474660-474661_tile_004960_002080.png,16837 4 16997 4 17156 6 17316 6 17476 5 17637 4 17799 1
year2021_comp2_474657-474658-474659-474660-474661_tile_004960_002160.png,3879 1 4037 4 4197 5 4356 6 4516 6 4676 6 4836 5 4997 4
year2021_comp2_474657-474658-474659-474660-474661_tile_004960_002240.png,17456 3 17614 6 17773 9 17932 10 18092 11 18252 12 18412 13 18572 14 18733 14 18893 14 19054 14 19216 12 19376 14 19539 11 19700 11 19862 9 20022 9 20183 9 20344 1 20346 5 20506 2
year2021_comp2_474657-474658-474659-474660-474661_tile_004960_002320.png,4815 5 4974 7 5133 9 5292 10 5452 10 5612 5 5618 6 5772 5 5781 3 5933 2 5943 1 5945 1 6102 2 6105 1 6262 2 6265 1 6267 1 6422 2 6425 1 6427 1 6587 1 22087 1 22247 1 22272 1 22407 2 22432 2 22568 1
year2021_comp2_474657-474658-474659-474660-474661_tile_004960_002400.png,13289 3 13448 4 13607 6 13766 7 13926 7 14087 5
year2021_comp2_474657-474658-474659-474660-474661_tile_004960_002480.png,329 2 487 5 646 7 806 8 966 8 1126 8 1287 7 1450 2 24677 2 24839 1 25474 1 25476 1
year2021_comp2_474657-474658-474659-474660-474661_tile_004960_002560.png,
year2021_comp2_474657-474658-474659-474660-474661_tile_004960_002640.png,22752 5 22911 8 23070 10 23230 10 23390 10 23551 9 23711 9 23872 8 24032 7 24193 6 24354 5 24515 3 24676 1
year2021_comp2_474657-474658-474659-474660-474661_tile_004960_004880.png,
year2021_comp2_474657-474658-474659-474660-474661_tile_004960_004960.png,
year2021_comp2_474657-474658-474659-474660-474661_tile_004960_005040.png,7703 1
year2021_comp2_474657-474658-474659-474660-474661_tile_004960_005120.png,11234 3 11393 5 11552 6 11711 8 11870 9 12030 9 12190 9 12349 10 12509 11 12668 12 12828 12 12988 12 13148 12 13309 11 13470 10 13631 9 13791 9 13952 8 14113 7 14275 3 16170 5 16329 7 16487 10 16647 10 16808 9 16969 8 17129 9 17289 9 17449 9 17609 8 17770 7 17931 5
year2021_comp2_474657-474658-474659-474660-474661_tile_004960_005200.png,355 1 514 4 673 6 833 7 993 7 1154 6 1315 4 3529 4 3687 8 3847 9 4008 9 4169 8 4329 8 4490 7 4650 7 4810 7 4970 7 5132 4
year2021_comp2_474657-474658-474659-474660-474661_tile_004960_005280.png,
year2021_comp2_474657-474658-474659-474660-474661_tile_004960_005360.png,
year2021_comp2_474657-474658-474659-474660-474661_tile_004960_005440.png,
year2021_comp2_474657-474658-474659-474660-474661_tile_004960_005520.png,
year2021_comp2_474657-474658-474659-474660-474661_tile_004960_005600.png,
year2021_comp2_474657-474658-474659-474660-474661_tile_004960_005680.png,
year2021_comp2_474657-474658-474659-474660-474661_tile_004960_005760.png,16199 1 16358 3 16518 3 16677 4 16837 4 16996 5 17156 5 17316 5 17475 6 17635 6 17795 5 17955 5 18115 5 18276 3
year2021_comp2_474657-474658-474659-474660-474661_tile_004960_005840.png,3398 2 3558 3 3718 3 3877 4 4037 4 4196 5 4356 5 4516 5 4675 6 4835 6 4995 5 5155 5 5315 5 5476 3
year2021_comp2_474657-474658-474659-474660-474661_tile_004960_005920.png,19717 1 19876 2 20035 3 20194 4 20354 4 20513 5 20674 3 20834 2 20994 1 21952 1 22112 1 22271 3 22431 2 22591 2
year2021_comp2_474657-474658-474659-474660-474661_tile_004960_006000.png,6597 3 6756 4 6916 4 7074 6 7234 5 7393 6 7552 7 7712 6 7872 6 8033 4 8193 3 8353 3 8513 3 8672 4 8832 3 8992 3 9151 4 9311 4 9470 5 9630 4 9790 4 9950 3
year2021_comp2_474657-474658-474659-474660-474661_tile_004960_006080.png,
year2021_comp2_474657-474658-474659-474660-474661_tile_004960_006160.png,
year2021_comp2_474657-474658-474659-474660-474661_tile_004960_006240.png,
year2021_comp2_474657-474658-474659-474660-474661_tile_004960_006320.png,
year2021_comp2_474657-474658-474659-474660-474661_tile_004960_006400.png,
year2021_comp2_474657-474658-474659-474660-474661_tile_004960_006480.png,19556 3 19715 5 19874 7 20033 8 20193 8 20353 8 20512 9 20672 9 20832 9 20991 10 21151 10 21311 10 21470 10 21630 10 21789 10 21949 10 22109 10 22269 9 22429 9 22590 7 22751 6
year2021_comp2_474657-474658-474659-474660-474661_tile_004960_006560.png,7075 3 7234 5 7394 5 7553 6 7713 6 7873 7 8032 7 8192 5 8352 3 8512 1 8514 1 9312 1
year2021_comp2_474657-474658-474659-474660-474661_tile_004960_006640.png,
year2021_comp2_474657-474658-474659-474660-474661_tile_004960_006720.png,
year2021_comp2_474657-474658-474659-474660-474661_tile_004960_006800.png,21131 1
year2021_comp2_474657-474658-474659-474660-474661_tile_004960_006880.png,
year2021_comp2_474657-474658-474659-474660-474661_tile_004960_006960.png,
year2021_comp2_474657-474658-474659-474660-474661_tile_004960_007040.png,
year2021_comp2_474657-474658-474659-474660-474661_tile_004960_007120.png,
year2021_comp2_474657-474658-474659-474660-474661_tile_004960_007200.png,
year2021_comp2_474657-474658-474659-474660-474661_tile_004960_009200.png,
year2021_comp2_474657-474658-474659-474660-474661_tile_004960_009280.png,
year2021_comp2_474657-474658-474659-474660-474661_tile_004960_009360.png,
year2021_comp2_474657-474658-474659-474660-474661_tile_004960_009440.png,
year2021_comp2_474657-474658-474659-474660-474661_tile_004960_009520.png,
year2021_comp2_474657-474658-474659-474660-474661_tile_004960_009600.png,
year2021_comp2_474657-474658-474659-474660-474661_tile_004960_009680.png,
year2021_comp2_474657-474658-474659-474660-474661_tile_004960_009760.png,
year2021_comp2_474657-474658-474659-474660-474661_tile_004960_009840.png,
year2021_comp2_474657-474658-474659-474660-474661_tile_004960_009920.png,15238 2 15398 2 15558 2
year2021_comp2_474657-474658-474659-474660-474661_tile_004960_010000.png,
year2021_comp2_474657-474658-474659-474660-474661_tile_004960_010080.png,
year2021_comp2_474657-474658-474659-474660-474661_tile_004960_010160.png,
year2021_comp2_474657-474658-474659-474660-474661_tile_004960_010240.png,
year2021_comp2_474657-474658-474659-474660-474661_tile_004960_010320.png,
year2021_comp2_474657-474658-474659-474660-474661_tile_004960_010400.png,
year2021_comp2_474657-474658-474659-474660-474661_tile_004960_010480.png,
year2021_comp2_474657-474658-474659-474660-474661_tile_004960_010560.png,
year2021_comp2_474657-474658-474659-474660-474661_tile_004960_010640.png,
year2021_comp2_474657-474658-474659-474660-474661_tile_004960_010720.png,
year2021_comp2_474657-474658-474659-474660-474661_tile_004960_010800.png,
year2021_comp2_474657-474658-474659-474660-474661_tile_004960_010880.png,
year2021_comp2_474657-474658-474659-474660-474661_tile_004960_010960.png,
year2021_comp2_474657-474658-474659-474660-474661_tile_004960_011040.png,21797 1 21955 3 22115 3 22889 5 23048 8 23208 10 23368 11 23528 13 23688 13 23849 13 24011 9
year2021_comp2_474657-474658-474659-474660-474661_tile_004960_011120.png,
year2021_comp2_474657-474658-474659-474660-474661_tile_004960_011200.png,
year2021_comp2_474657-474658-474659-474660-474661_tile_004960_011280.png,
year2021_comp2_474657-474658-474659-474660-474661_tile_004960_011360.png,
year2021_comp2_474657-474658-474659-474660-474661_tile_004960_011440.png,
year2021_comp2_474657-474658-474659-474660-474661_tile_004960_011520.png,
year2021_comp2_474657-474658-474659-474660-474661_tile_004960_014560.png,
year2021_comp2_474657-474658-474659-474660-474661_tile_004960_014640.png,
year2021_comp2_474657-474658-474659-474660-474661_tile_004960_014720.png,
year2021_comp2_474657-474658-474659-474660-474661_tile_004960_014800.png,
year2021_comp2_474657-474658-474659-474660-474661_tile_004960_014880.png,
year2021_comp2_474657-474658-474659-474660-474661_tile_004960_014960.png,
year2021_comp2_474657-474658-474659-474660-474661_tile_004960_015040.png,
year2021_comp2_474657-474658-474659-474660-474661_tile_004960_015120.png,
year2021_comp2_474657-474658-474659-474660-474661_tile_004960_015200.png,14420 5 14579 8 14738 9 14897 11 15057 12 15217 12 15377 12 15537 12 15697 11 15858 10 16018 9 16180 6 16343 1 18272 2 18430 7 18590 7 18750 7 18911 6 19073 3 21288 1 21447 3 21608 1 21637 3 21796 4 21955 6 22115 6 22276 5 22437 3
year2021_comp2_474657-474658-474659-474660-474661_tile_004960_015280.png,1621 3 1779 7 1938 9 2097 11 2257 11 2417 12 2577 12 2737 12 2897 11 3058 10 3218 9 3380 6 3543 1 5471 3 5630 7 5789 8 5950 8 6111 6 6272 4 8487 3 8647 5 8807 4 8835 5 8967 3 8995 6 9154 8 9315 7 9475 6 9636 5
year2021_comp2_474657-474658-474659-474660-474661_tile_004960_015360.png,
year2021_comp2_474657-474658-474659-474660-474661_tile_004960_015440.png,
year2021_comp2_474657-474658-474659-474660-474661_tile_004960_015520.png,
year2021_comp2_474657-474658-474659-474660-474661_tile_004960_015600.png,
year2021_comp2_474657-474658-474659-474660-474661_tile_004960_015680.png,
year2021_comp2_474657-474658-474659-474660-474661_tile_004960_015760.png,
year2021_comp2_474657-474658-474659-474660-474661_tile_004960_015840.png,
year2021_comp2_474657-474658-474659-474660-474661_tile_004960_015920.png,
year2021_comp2_474657-474658-474659-474660-474661_tile_004960_016000.png,
year2021_comp2_474657-474658-474659-474660-474661_tile_004960_016080.png,
year2021_comp2_474657-474658-474659-474660-474661_tile_004960_016160.png,
year2021_comp2_474657-474658-474659-474660-474661_tile_004960_016400.png,
year2021_comp2_474657-474658-474659-474660-474661_tile_004960_016480.png,
year2021_comp2_474657-474658-474659-474660-474661_tile_004960_016560.png,
year2021_comp2_474657-474658-474659-474660-474661_tile_004960_016640.png,
year2021_comp2_474657-474658-474659-474660-474661_tile_004960_016720.png,
year2021_comp2_474657-474658-474659-474660-474661_tile_004960_016800.png,
year2021_comp2_474657-474658-474659-474660-474661_tile_004960_016880.png,
year2021_comp2_474657-474658-474659-474660-474661_tile_004960_016960.png,
year2021_comp2_474657-474658-474659-474660-474661_tile_004960_017040.png,
year2021_comp2_474657-474658-474659-474660-474661_tile_004960_020240.png,
year2021_comp2_474657-474658-474659-474660-474661_tile_004960_020320.png,
year2021_comp2_474657-474658-474659-474660-474661_tile_004960_020400.png,
year2021_comp2_474657-474658-474659-474660-474661_tile_004960_020480.png,
year2021_comp2_474657-474658-474659-474660-474661_tile_004960_020560.png,
year2021_comp2_474657-474658-474659-474660-474661_tile_004960_020640.png,14431 4 14589 8 14741 17 14899 19 15058 21 15217 22 15377 22 15526 4 15536 23 15685 6 15695 24 15845 7 15854 25 16005 8 16014 25 16165 34 16325 8 16334 25 16485 7 16495 24 16646 5 16656 24 16807 3 16816 24 16977 23 17137 23 17297 23 17458 22 17619 20 17780 6 17789 10 17951 6 24344 3 24502 7 24661 9 24821 10 24982 8 25143 7 25303 7 25460 1 25462 6
year2021_comp2_474657-474658-474659-474660-474661_tile_004960_020720.png,1630 6 1781 16 1939 19 2098 21 2258 21 2417 22 2567 1 2576 23 2726 5 2735 24 2885 7 2893 26 3044 35 3204 35 3364 35 3524 36 3685 35 3845 35 4006 5 4015 26 4167 3 4176 25 4336 25 4497 23 4657 23 4818 22 4979 20 5141 3 5149 9 11221 12 11379 17 11538 19 11697 21 11857 21 12016 22 12176 22 12325 4 12336 22 12482 8 12496 21 12642 8 12656 21 12802 8 12817 19 12962 7 12978 16 13123 6 13140 11 20198 1 20356 4 20515 5 20674 6 20834 6 20993 7 21152 8 21312 8 21472 6 21479 1 21632 1 21634 4 21639 1 21795 2 21799 1 21959 1 22119 1 22279 1 22439 1
year2021_comp2_474657-474658-474659-474660-474661_tile_004960_020800.png,7397 2 7556 4 7716 4 7876 4 8036 4 8195 5 8355 5 8514 6 8674 4 8679 1 8834 3 8839 1 8999 1 9159 1 9319 1 9479 1 12196 1 12199 1 12356 1 12359 1 12516 1 17318 1 17478 2 17637 3 17797 3 17957 3 18117 3 18278 1 18438 1 19398 1
year2021_comp2_474657-474658-474659-474660-474661_tile_004960_020880.png,
year2021_comp2_474657-474658-474659-474660-474661_tile_004960_020960.png,
year2021_comp2_474657-474658-474659-474660-474661_tile_004960_021040.png,
year2021_comp2_474657-474658-474659-474660-474661_tile_004960_021120.png,
year2021_comp2_474657-474658-474659-474660-474661_tile_004960_021200.png,
year2021_comp2_474657-474658-474659-474660-474661_tile_004960_021280.png,
year2021_comp2_474657-474658-474659-474660-474661_tile_004960_021360.png,
year2021_comp2_474657-474658-474659-474660-474661_tile_004960_021440.png,
year2021_comp2_474657-474658-474659-474660-474661_tile_004960_021520.png,
year2021_comp2_474657-474658-474659-474660-474661_tile_004960_021600.png,
year2021_comp2_474657-474658-474659-474660-474661_tile_004960_021680.png,
year2021_comp2_474657-474658-474659-474660-474661_tile_004960_021760.png,
year2021_comp2_474657-474658-474659-474660-474661_tile_004960_021840.png,13952 2 14112 3 14272 2
year2021_comp2_474657-474658-474659-474660-474661_tile_004960_021920.png,
year2021_comp2_474657-474658-474659-474660-474661_tile_004960_022000.png,
year2021_comp2_474657-474658-474659-474660-474661_tile_004960_022080.png,21150 1 22249 1 22409 1 22569 1
year2021_comp2_474657-474658-474659-474660-474661_tile_004960_022160.png,5129 1 7047 5 7207 7 7367 7 7527 7 7687 7 7847 6 7874 3 7879 1 8007 6 8030 8 8039 1 8167 1 8188 10 8199 1 8348 10 8359 1 8507 11 8519 1 8667 2 8670 8 8679 1 8807 1 8809 1 8827 2 8830 1 8832 6 8839 1 8966 5 8990 1 8992 6 8999 1 9125 7 9152 1 9154 4 9159 1 9283 10 9314 4 9319 1 9443 10 9479 1 9602 11 9762 11 9923 10 10085 7 10247 4 10890 4 11048 8 11207 10 11366 12 11399 1 11526 13 11558 2 11686 13 11718 2 11847 12 11878 2 12008 10 12038 2 12170 7 12198 2 12358 2 12518 2 12678 1 13127 8 13285 12 13445 14 13605 15 13765 16 13924 17 14084 17 14246 15 14408 13 14570 10 14731 9 14892 7 15052 7 15211 9 15370 10 15529 12 15688 13 15848 14 16008 14 16168 14 16330 12 16495 6 16656 4 17286 12 17445 14 17604 17 17764 18 17924 19 18083 21 18244 20 18406 19 18566 19 18727 18 18890 14 19055 8 19219 2 21288 7 21447 11 21606 15 21765 18 21925 20 22085 20 22245 20 22406 19 22567 18 22729 15 22890 13 23051 11 23211 10 23370 11 23530 12 23689 14 23848 15 24008 17 24167 19 24327 19 24487 19 24648 15 24810 11 24974 6 25137 2
year2021_comp2_474657-474658-474659-474660-474661_tile_004960_022240.png,330 4 489 6 648 8 807 11 967 12 1127 13 1287 12 1448 11 1613 5 2732 2 2890 9 3049 11 3209 12 3376 5 3538 2 4648 9 4806 13 4967 14 5127 15 5286 17 5447 17 5608 16 5769 15 5929 15 6091 12 6256 6 8488 8 8646 12 8806 15 8965 19 9125 20 9285 21 9445 21 9606 20 9767 18 9928 17 10089 15 10250 13 10410 13 10569 14 10729 15 10888 17 11047 20 11207 22 11366 24 11527 23 11687 24 11847 24 12007 24 12168 22 12329 21 12489 20 12650 19 12809 20 12969 20 13128 21 13288 22 13448 22 13607 24 13767 24 13928 23 14088 23 14248 22 14409 21 14570 19 14731 18 14892 17 15052 17 15212 18 15372 18 15531 20 15691 20 15851 21 16011 21 16172 19 16332 19 16493 17 16653 17 16814 14 16974 14 17135 11 17294 12 17453 12 17613 13 17773 13 17933 14 18093 14 18253 13 18414 12 18574 12 18735 10 18895 10 19055 10 19215 10 19374 13 19534 15 19694 17 19853 19 20013 20 20173 20 20333 21 20494 20 20655 18 20815 18 20977 14 21138 11 24180 1 24339 4 24499 4 24659 4
year2021_comp2_474657-474658-474659-474660-474661_tile_004960_022320.png,171 7 329 13 488 18 648 20 808 21 968 22 1128 22 1288 22 1449 20 1610 19 1771 18 1932 17 2092 17 2252 17 2412 17 2572 18 2732 19 2891 20 3051 20 3211 20 3372 19 3532 19 3693 17 3853 17 4014 14 4174 13 4334 12 4494 12 4653 12 4813 13 4973 14 5133 14 5293 14 5453 14 5613 14 5774 12 5934 12 6094 12 6254 12 6414 13 6574 15 6733 17 6893 19 7053 20 7213 20 7373 21 7533 21 7693 21 7854 20 8014 19 8175 18 8336 16 8497 12 8658 9 8818 5 8978 5 9138 5 9297 6 9457 6 9617 6 9777 6 9938 4 10098 4 10259 1 10739 3 10897 6 11056 9 11215 13 11375 18 11535 20 11694 22 11854 22 12015 22 12175 21 12336 20 12496 20 12657 18 12818 17 12978 17 13138 17 13298 18 13458 19 13617 20 13777 21 13937 22 14097 22 14257 23 14418 22 14578 22 14739 20 14901 18 15063 15 15227 8 17143 8 17301 12 17460 15 17620 17 17780 19 17939 21 18100 20 18260 20 18421 18 18582 16 18743 13 18903 10 19063 9 19223 10 19382 11 19542 13 19702 15 19861 17 20021 18 20181 19 20341 20 20502 19 20663 18 20824 17 20985 16 21147 13 21308 11 21467 12 21626 13 21786 13 21945 14 22105 15 22264 16 22424 16 22584 16 22745 15 22905 15 23066 14 23227 13 23389 10 23550 8 23710 8 23870 8 24030 8 24190 9 24350 9 24511 7 24671 7 24833 4 24994 2
year2021_comp2_474657-474658-474659-474660-474661_tile_004960_022400.png,181 6 340 10 499 13 658 16 818 19 978 20 1138 21 1298 21 1458 21 1618 21 1779 20 1940 19 2101 17 2263 14 2428 6 4343 7 4501 12 4660 15 4820 17 4980 19 5140 19 5300 20 5460 19 5621 18 5782 16 5943 13 6103 10 6263 9 6423 10 6582 12 6742 14 6901 16 7061 18 7221 19 7381 19 7541 20 7701 20 7862 19 8023 18 8184 17 8345 16 8506 14 8665 15 8825 15 8985 15 9144 16 9304 17 9463 18 9623 18 9783 18 9944 17 10104 17 10265 16 10426 15 10586 15 10747 13 10908 12 11068 12 11228 13 11388 13 11548 13 11708 13 11868 13 12028 13 12188 13 12348 12 12508 12 12668 12 12828 12 12987 13 13147 14 13307 14 13467 14 13627 14 13787 14 13947 14 14107 14 14268 12 14429 11 14589 9 14750 7 14910 6 15069 8 15229 8 15388 10 15548 10 15708 10 15868 10 16028 10 16188 10 16348 9 16509 8 16670 6 16832 4 16992 4 17152 5 17312 6 17471 8 17631 9 17791 10 17951 10 18111 10 18271 10 18431 9 18592 7 18753 4 22115 2 22275 3 22435 4 22595 4
year2021_comp2_474657-474658-474659-474660-474661_tile_004960_022480.png,190 6 349 9 508 11 668 11 828 12 988 12 1148 12 1309 11 1470 9 1630 8 1792 3 1953 1 2111 3 2270 5 2429 7 2589 8 2748 10 2908 10 3068 10 3228 10 3389 9 3549 8 3710 6 3871 5 4032 3 4193 3 4352 5 4512 6 4671 8 4831 9 4991 10 5151 10 5311 10 5471 10 5631 9 5792 7 5953 4 8995 1 9153 5 9313 6 9472 8 9633 8 9793 8 9954 7 10115 5 10276 4 11239 2 11398 4 11557 5 11717 5 11878 4 12039 1 12169 1 12326 5 12486 6 12645 8 12805 8 12965 8 13125 9 13285 9 13445 9 13605 9 13765 9 13926 8 14086 8 14246 8 14407 7 14567 7 14727 7 14888 6 15048 6 15208 6 15369 4 15530 2
year2021_comp2_474657-474658-474659-474660-474661_tile_004960_022560.png,327 4 486 6 646 6 805 8 966 7 1126 7 1286 7 1447 6 1608 5 1768 5 1928 5 2089 4 2249 4 2409 4 2569 4
year2021_comp2_474657-474658-474659-474660-474661_tile_004960_022640.png,14917 2 15075 5 15235 6 15394 7 15554 8 15713 9 15873 9 16033 9 16193 10 16352 11 16512 10 16672 10 16833 9 16993 8 17154 6 17286 3 17315 4 17445 5 17603 7 17762 9 17922 9 18081 10 18241 10 18401 10 18561 10 18721 10 18881 10 19042 8 19202 8 19230 4 19363 7 19388 8 19524 6 19548 9 19684 6 19707 10 19844 6 19867 10 20005 4 20027 10 20186 11 20346 11 20506 11 20666 11 20826 11 20985 12 21145 12 21305 11 21465 10 21625 10 21785 10 21945 9 22106 7 22266 6 22427 4 23387 1 23545 4 23704 5 23864 5 24023 6 24183 6 24342 7 24502 7 24662 7 24822 7 24982 7 25144 4 25303 5 25464 4
year2021_comp2_474657-474658-474659-474660-474661_tile_004960_022720.png,2117 2 2276 4 2435 6 2595 6 2754 8 2914 8 3073 9 3233 9 3393 10 3553 10 3712 10 3872 10 4033 9 4193 8 4354 7 4486 3 4515 4 4645 5 4803 7 4962 9 5122 9 5281 10 5441 10 5601 10 5761 10 5921 10 6081 10 6242 9 6402 9 6429 6 6563 7 6588 8 6723 7 6748 9 6884 6 6907 10 7044 6 7067 10 7204 5 7226 11 7365 3 7386 11 7546 11 7706 11 7865 12 8025 12 8185 12 8345 12 8505 11 8665 11 8825 10 8985 10 9145 10 9305 9 9465 8 9626 6 9786 5 9946 4 10106 3 10266 3 10425 4 10584 6 10743 7 10903 8 11062 9 11222 9 11381 10 11541 10 11701 10 11861 10 12021 10 12181 9 12341 9 12500 10 12660 9 12820 9 12980 8 13140 8 13300 8 13459 9 13619 8 13779 8 13939 8 14099 8 14259 8 14419 8 14579 8 14739 8 14899 7 15059 7 15219 6 15379 7 15539 7 15699 7 15859 8 16019 8 16178 9 16338 9 16498 9 16657 10 16817 9 16976 10 17136 10 17296 10 17455 11 17615 10 17775 10 17935 10 18095 10 18255 9 18416 8 18576 7 18737 5 18898 3 20813 4 20972 6 21132 7 21291 8 21451 8 21611 8 21771 8 21930 9 22090 9 22250 9 22410 8 22570 8 22730 8 22890 7 23051 6 23212 3
year2021_comp2_474657-474658-474659-474660-474661_tile_004960_022800.png,502 4 662 4 822 4 980 6 1140 6 1300 6 1460 6 1620 6 1781 4 1942 3 3062 2 3221 3 3380 5 3540 5 3699 6 3859 6 4018 7 4178 7 4337 8 4497 8 4657 8 4817 8 4976 8 5136 8 5296 8 5457 6 5617 5 5778 3 8014 2 8172 6 8332 6 8492 7 8651 8 8811 8 8971 8 9130 9 9290 9 9450 9 9610 8 9770 8 9930 8 10090 7 10250 7 10411 5 10573 2 12490 4 12648 7 12808 7 12967 8 13127 8 13287 8 13446 9 13478 2 13606 9 13638 3 13766 9 13797 4 13926 9 13957 5 14086 8 14117 5 14246 8 14277 5 14406 7 14437 5 14566 6 14597 5 14727 4 14757 5 14889 1 14918 3
year2021_comp2_474657-474658-474659-474660-474661_tile_004960_022880.png,169 1 328 5 487 7 647 7 806 9 966 9 1126 9 1286 8 1318 2 1446 8 1478 3 1606 7 1638 3 1767 5 1798 3 1927 4 1958 2 2088 2
year2021_comp2_474657-474658-474659-474660-474661_tile_004960_022960.png,
year2021_comp2_474657-474658-474659-474660-474661_tile_004960_023040.png,
year2021_comp2_474657-474658-474659-474660-474661_tile_004960_023120.png,
year2021_comp2_474657-474658-474659-474660-474661_tile_004960_023200.png,
year2021_comp2_474657-474658-474659-474660-474661_tile_004960_023280.png,
year2021_comp2_474657-474658-474659-474660-474661_tile_004960_023360.png,
year2021_comp2_474657-474658-474659-474660-474661_tile_004960_023440.png,
year2021_comp2_474657-474658-474659-474660-474661_tile_004960_023520.png,
year2021_comp2_474657-474658-474659-474660-474661_tile_004960_023600.png,
year2021_comp2_474657-474658-474659-474660-474661_tile_004960_023680.png,
year2021_comp2_474657-474658-474659-474660-474661_tile_004960_023760.png,
year2021_comp2_474657-474658-474659-474660-474661_tile_004960_023840.png,12352 1 12510 5 12669 8 12829 8 12988 10 13148 10 13308 10 13468 10 13628 11 13788 11 13948 11 14108 11 14268 11 14428 11 14588 12 14749 11 14909 11 15069 11 15229 11 15390 10 15550 10 15711 8 15872 6 16033 4 19236 3 19394 7 19554 8 19714 8 19873 10 20033 10 20194 8 20354 8 20514 8 20676 4
year2021_comp2_474657-474658-474659-474660-474661_tile_004960_023920.png,512 1 671 4 830 6 990 7 1150 8 1310 8 1470 9 1630 9 1790 9 1950 9 2110 9 2270 9 2430 10 2590 10 2751 8 2911 8 3072 6 3235 1 6436 3 6594 7 6754 8 6914 8 7073 10 7233 10 7394 8 7554 8 7714 8 7876 4
year2021_comp2_474657-474658-474659-474660-474661_tile_004960_024000.png,
year2021_comp2_474657-474658-474659-474660-474661_tile_004960_024080.png,
year2021_comp2_474657-474658-474659-474660-474661_tile_004960_024160.png,
year2021_comp2_474657-474658-474659-474660-474661_tile_004960_024240.png,
year2021_comp2_474657-474658-474659-474660-474661_tile_004960_024320.png,
year2021_comp2_474657-474658-474659-474660-474661_tile_004960_024400.png,
year2021_comp2_474657-474658-474659-474660-474661_tile_004960_024480.png,
year2021_comp2_474657-474658-474659-474660-474661_tile_004960_024560.png,
year2021_comp2_474657-474658-474659-474660-474661_tile_004960_024640.png,
year2021_comp2_474657-474658-474659-474660-474661_tile_004960_024720.png,19399 1 19559 1 22118 1 22278 1 22437 3 22597 3 22757 3 22918 1 23558 1 23718 2 23877 4 24037 4 24197 4 24357 4 24517 3 24678 2
year2021_comp2_474657-474658-474659-474660-474661_tile_004960_024800.png,9638 1 9798 1 9958 1 10118 1 10758 2 10917 3 11077 4 11236 5 11396 5 11556 5 11716 5 11876 4 12036 4 12196 4 12356 4 12515 5 12675 5 12835 5 12996 3
year2021_comp2_474657-474658-474659-474660-474661_tile_004960_024880.png,16824 4 16984 5 17144 5 17304 4
year2021_comp2_474657-474658-474659-474660-474661_tile_004960_024960.png,4024 5 4184 5 4344 5 4504 5
